Workbook

Sheet scoringR1_base
A1: VARIABLES | B1: REFERENCE | C1: DESCRIPTION | D1: TIMESCALE | E1: RESOLUTION | F1: DOI | G1: SCORING (1-5, 5 being the most important)
H2: XH | I2: KD | J2: DG | K2: SG | L2: CM | M2: VS | N2: CD
A3: PHYSICAL SYSTEM | C3: This system includes variables regarding the physical properties of the environment in the area that is not being influenced by human actions | D3: - | E3: - | G3: - | H3: ='XH1'!G3 -> - | I3: ='KD1'!G3 -> 0 | J3: ='DG1'!G3 -> - | K3: ='SG1'!G3 -> - | L3: ='CM1'!G3 -> - | M3: ='VS1'!G3 -> -
A4: Soil Subsystem | C4: This sub system concentrate on variables that are related to the soil | D4: - | E4: - | G4: - | H4: ='XH1'!G4 -> - | I4: ='KD1'!G4 -> 0 | J4: ='DG1'!G4 -> - | K4: ='SG1'!G4 -> - | L4: ='CM1'!G4 -> - | M4: ='VS1'!G4 -> -
A5: Soil organic carbon (SOC) | B5: Poggio et al. 2021 | C5: SOC shows the amount of soil organic carbon in each area from 0-60cm of depths | D5: 1960-2020 (mean) | E5: 250 m cellsize ~0.25 arcminute | F5: https://files.isric.org/soilgrids/latest/ | G5: =AVERAGE(H5:N5) -> 3.8571429 | H5: ='XH1'!G5 -> 4 | I5: ='KD1'!G5 -> 5 | J5: ='DG1'!G5 -> 3 | K5: ='SG1'!G5 -> 3 | L5: ='CM1'!G5 -> 3 | M5: ='VS1'!G5 -> 5 | N5: ='CD1'!G5 -> 4
A6: Clay-silt content | B6: Poggio et al. 2021 | C6: Clay-silt shows the combined amount of clay and silt in the soil from 0-60cm depths | D6: 1960-2020 (mean) | E6: 250 m cellsize ~0.25 arcminute | F6: https://files.isric.org/soilgrids/latest/ | G6: =AVERAGE(H6:N6) -> 2.5714286 | H6: ='XH1'!G6 -> 3 | I6: ='KD1'!G6 -> 3 | J6: ='DG1'!G6 -> 2 | K6: ='SG1'!G6 -> 2 | L6: ='CM1'!G6 -> 3 | M6: ='VS1'!G6 -> 3 | N6: ='CD1'!G6 -> 2
A7: Soil plant available phosphorous | B7: McDowell et al. 2023 | C7: Amount of phosphorous that is available for plant to absorb from the soil from 0-20cm depth | D7: 2000-2019 (mean) | E7: 0.5 arcminute | F7: https://figshare.com/articles/dataset/Global_Available_Soil_Phosphorus_Database/14241854 | G7: =AVERAGE(H7:N7) -> 3.4285714 | H7: ='XH1'!G7 -> 4 | I7: ='KD1'!G7 -> 3 | J7: ='DG1'!G7 -> 4 | K7: ='SG1'!G7 -> 3 | L7: ='CM1'!G7 -> 4 | M7: ='VS1'!G7 -> 3 | N7: ='CD1'!G7 -> 3
A8: Evapotranspiration | B8: Zhang et al. 2024 | C8: This shows the amount of evapotranspiration in the area | D8: 1982-2020 | E8: 6 arcminutes | F8: Zhang, K., Chen, H., Ma, N. et al. A global dataset of terrestrial evapotranspiration and soil moisture dynamics from 1982 to 2020. Sci Data 11, 445 (2024). https://doi.org/10.1038/s41597-024-03271-7 | G8: =AVERAGE(H8:N8) -> 4.4285714 | H8: ='XH1'!G8 -> 5 | I8: ='KD1'!G8 -> 5 | J8: ='DG1'!G8 -> 3 | K8: ='SG1'!G8 -> 5 | L8: ='CM1'!G8 -> 5 | M8: ='VS1'!G8 -> 4 | N8: ='CD1'!G8 -> 4
A9: Soil Moisture | B9: Zhang et al. 2024 | C9: Amount of soil moisture throughout the layers along the vertical root distribution | D9: 1982-2020 | E9: 6 arcminutes | F9: Zhang, K., Chen, H., Ma, N. et al. A global dataset of terrestrial evapotranspiration and soil moisture dynamics from 1982 to 2020. Sci Data 11, 445 (2024). https://doi.org/10.1038/s41597-024-03271-7 | G9: =AVERAGE(H9:N9) -> 4.7142857 | H9: ='XH1'!G9 -> 5 | I9: ='KD1'!G9 -> 5 | J9: ='DG1'!G9 -> 5 | K9: ='SG1'!G9 -> 4 | L9: ='CM1'!G9 -> 5 | M9: ='VS1'!G9 -> 4 | N9: ='CD1'!G9 -> 5
A10: Other variables? | H10: ='XH1'!G10 -> x | I10: ='KD1'!G10 -> 0 | J10: ='DG1'!G10 -> x | K10: ='SG1'!G10 -> x | L10: ='CM1'!G10 -> x | M10: ='VS1'!G10 -> x
A11: Climate Subsystem | C11: This subsystem focus on the climatic variables | D11: - | E11: - | H11: ='XH1'!G11 -> - | I11: ='KD1'!G11 -> 0 | J11: ='DG1'!G11 -> - | K11: ='SG1'!G11 -> - | L11: ='CM1'!G11 -> - | M11: ='VS1'!G11 -> -
A12: Aridity index | B12: Lu et al. 2025 | C12: Aridity index is used to determine the aridity in the area by looking at, for example, precipitation or evapotranspiration values | D12: 2003-2022 | E12: 3 arcminute | F12: Lu, J., Yao, L., Qin, J., Jiang, H., & Zhou, C. (2025). Global reconstruction of gridded aridity index and its spatial and temporal characterization from 2003 to 2022. International Journal of Digital Earth, 18(1). https://doi.org/10.1080/17538947.2025.2473639 | G12: =AVERAGE(H12:N12) -> 4.1428571 | H12: ='XH1'!G12 -> 5 | I12: ='KD1'!G12 -> 5 | J12: ='DG1'!G12 -> 3 | K12: ='SG1'!G12 -> 4 | L12: ='CM1'!G12 -> 3 | M12: ='VS1'!G12 -> 4 | N12: ='CD1'!G12 -> 5
A13: Precipitation (MSWEP) | B13: Beck et al. 2019 | C13: MSWEP shows the 3 hourly precipitation data from 1979 to 2017 | D13: 1979-2017 (annual mean) | E13: 6 arcminute | F13: Beck, H. E., E. F. Wood, M. Pan, C. K. Fisher, D. G. Miralles, A. I. J. M. van Dijk, T. R. McVicar, and R. F. Adler, 2019: MSWEP V2 Global 3-Hourly 0.1° Precipitation: Methodology and Quantitative Assessment. Bull. Amer. Meteor. Soc., 100, 473–500, https://doi.org/10.1175/BAMS-D-17-0138.1 | G13: =AVERAGE(H13:N13) -> 4.4285714 | H13: ='XH1'!G13 -> 4 | I13: ='KD1'!G13 -> 5 | J13: ='DG1'!G13 -> 5 | K13: ='SG1'!G13 -> 3 | L13: ='CM1'!G13 -> 5 | M13: ='VS1'!G13 -> 5 | N13: ='CD1'!G13 -> 4
A14: Growing degree days | B14: Beck et al. 2022 | C14: This measure the accumulated heat above certain base temperature which can estimate the growth and development of plants and insects | D14: 1979-2025 | E14: 6 arcminute | F14: Beck, H.E. et al. (2022) ‘MSWX: Global 3-Hourly 0.1° Bias-Corrected Meteorological Data Including Near-Real-Time Updates and Forecast Ensembles’. Available at: https://doi.org/10.1175/BAMS-D-21-0145.1. | G14: =AVERAGE(H14:N14) -> 4.4285714 | H14: ='XH1'!G14 -> 5 | I14: ='KD1'!G14 -> 5 | J14: ='DG1'!G14 -> 4 | K14: ='SG1'!G14 -> 4 | L14: ='CM1'!G14 -> 5 | M14: ='VS1'!G14 -> 4 | N14: ='CD1'!G14 -> 4
A15: Drought index (SPEI) | B15: Solomon et al. 2023 | C15: Drought index (SPEI) was calculated from two precipitation and two evapotranspiration datasets | D15: 1981-2022 | E15: 5km gridded ~2.5 arcminute | F15: Gebrechorkos, S. H., Peng, J., Dyer, E., Miralles, D. G., Vicente-Serrano, S. M., Funk, C., Beck, H. E., Asfaw, D. T., Singer, M. B., and Dadson, S. J.: Global high-resolution drought indices for 1981–2022, Earth Syst. Sci. Data, 15, 5449–5466, https://doi.org/10.5194/essd-15-5449-2023 | G15: =AVERAGE(H15:N15) -> 3.4285714 | H15: ='XH1'!G15 -> 4 | I15: ='KD1'!G15 -> 3 | J15: ='DG1'!G15 -> 4 | K15: ='SG1'!G15 -> 3 | L15: ='CM1'!G15 -> 3 | M15: ='VS1'!G15 -> 3 | N15: ='CD1'!G15 -> 4
A16: Warm spell duration index (WSDI) | B16: Beck et al. 2022 | C16: This indicator shows the amount of conscutive days that the temperature is high (drought). | D16: 1979-2025 | E16: 6 arcminute | F16: Beck, H.E. et al. (2022) ‘MSWX: Global 3-Hourly 0.1° Bias-Corrected Meteorological Data Including Near-Real-Time Updates and Forecast Ensembles’. Available at: https://doi.org/10.1175/BAMS-D-21-0145.1. | G16: =AVERAGE(H16:N16) -> 2.7142857 | H16: ='XH1'!G16 -> 4 | I16: ='KD1'!G16 -> 2 | J16: ='DG1'!G16 -> 4 | K16: ='SG1'!G16 -> 1 | L16: ='CM1'!G16 -> 3 | M16: ='VS1'!G16 -> 2 | N16: ='CD1'!G16 -> 3
A17: Other variables? | H17: ='XH1'!G17 -> x | I17: ='KD1'!G17 -> Renewable water availability | J17: ='DG1'!G17 -> x | K17: ='SG1'!G17 -> x | L17: ='CM1'!G17 -> x | M17: ='VS1'!G17 -> x
A18: Crop-field Subsystem | C18: Crop-field system is currently considered to be between the two main systems (Physical and Human). This system focuses on the variables that are related to crop species | D18: - | E18: - | H18: ='XH1'!G18 -> - | I18: ='KD1'!G18 -> 0 | J18: ='DG1'!G18 -> - | K18: ='SG1'!G18 -> - | L18: ='CM1'!G18 -> - | M18: ='VS1'!G18 -> -
A19: Diversity of crops | B19: Sara Heikonen / Heikonen et al. 2025 | C19: Diversity of crops (30 major food crop types based on SPAM crops) | D19: 1990-2020 | E19: 5 arcminute | F19: https://mapspam.info/data/ | G19: =AVERAGE(H19:N19) -> 3.4285714 | H19: ='XH1'!G19 -> 5 | I19: ='KD1'!G19 -> 5 | J19: ='DG1'!G19 -> 3 | K19: ='SG1'!G19 -> 4 | L19: ='CM1'!G19 -> 2 | M19: ='VS1'!G19 -> 3 | N19: ='CD1'!G19 -> 2
A20: Fraction of cropland per total land area | B20: Matej et al. 2025 | C20: This variable captures the intensity of the cropland in each area by calculating the fraction of actual cropland in the cropland area | D20: 1992-2020 | E20: 0.5 arcminute | F20: https://mapspam.info/data/ | G20: =AVERAGE(H20:N20) -> 3 | H20: ='XH1'!G20 -> 4 | I20: ='KD1'!G20 -> 5 | J20: ='DG1'!G20 -> 2 | K20: ='SG1'!G20 -> 4 | L20: ='CM1'!G20 -> 1 | M20: ='VS1'!G20 -> 2 | N20: ='CD1'!G20 -> 3
A21: Kilo-calories produced from crops (from SPAM) | B21: SPAM 2000, SPAM 2005, SPAM 2010, SPAM 2020 | C21: Shows the amount of kilo-calories being produced from SPAM crops classes | D21: 2000-2020 | E21: 5 arcminute | F21: https://mapspam.info/data/ | G21: =AVERAGE(H21:N21) -> 3.1428571 | H21: ='XH1'!G21 -> 5 | I21: ='KD1'!G21 -> 2 | J21: ='DG1'!G21 -> 4 | K21: ='SG1'!G21 -> 4 | L21: ='CM1'!G21 -> 1 | M21: ='VS1'!G21 -> 3 | N21: ='CD1'!G21 -> 3
A22: Harvested crop products (HANPP) | B22: Matej et al. 2025 | C22: Shows the amount of mass of carbon being harvested from 22 crop classes | D22: 1992-2020 | E22: 0.5 arcminute | F22: Matej, S., Weidinger, F., Kaufmann, L. et al. A global land-use data cube 1992–2020 based on the Human Appropriation of Net Primary Production. Sci Data 12, 511 (2025). https://doi.org/10.1038/s41597-025-04788-1 | G22: =AVERAGE(H22:N22) -> 3.5714286 | H22: ='XH1'!G22 -> 5 | I22: ='KD1'!G22 -> 2 | J22: ='DG1'!G22 -> 4 | K22: ='SG1'!G22 -> 5 | L22: ='CM1'!G22 -> 1 | M22: ='VS1'!G22 -> 4 | N22: ='CD1'!G22 -> 4
A23: Potential Net primary production (NPP Pot) | B23: Matej et al. 2025 | C23: Potential biomass that is available in each area from agriculture and forestry. | D23: 1992-2020 | E23: 0.5 arcminute | F23: Matej, S., Weidinger, F., Kaufmann, L. et al. A global land-use data cube 1992–2020 based on the Human Appropriation of Net Primary Production. Sci Data 12, 511 (2025). https://doi.org/10.1038/s41597-025-04788-1 | G23: =AVERAGE(H23:N23) -> 3.3333333 | H23: ='XH1'!G23 -> 4 | I23: ='KD1'!G23 -> 3 | J23: ='DG1'!G23 -> 3 | K23: ='SG1'!G23 -> x | L23: ='CM1'!G23 -> 1 | M23: ='VS1'!G23 -> 5 | N23: ='CD1'!G23 -> 4
A24: Greenhouse gas emissions from cropland | B24: Cao et al. 2025 (Preprint) | C24: Emission of carbon dioxide, methane, and nitrous oxide from 46 crops circa 2020 | D24: 2020 | E24: 5 arcminute | F24: https://doi.org/10.21203/rs.3.rs-6622054/v1 | G24: =AVERAGE(H24:N24) -> 3.0714286 | H24: 2.5 | I24: ='KD1'!G24 -> 5 | J24: ='DG1'!G24 -> 4 | K24: ='SG1'!G24 -> 3 | L24: ='CM1'!G24 -> 1 | M24: ='VS1'!G24 -> 2 | N24: ='CD1'!G24 -> 4
A25: Other variables? | H25: ='XH1'!G25 -> 0 | I25: ='KD1'!G25 -> Crop-specific yield (irrig./rainfed); crop-specific harvested area (irrig./rainfed) | J25: ='DG1'!G25 -> 0 | K25: ='SG1'!G25 -> 0 | L25: ='CM1'!G25 -> 0 | M25: ='VS1'!G25 -> 0 | N25: ='CD1'!G25 -> 0
H26: ='XH1'!G26 -> - | I26: ='KD1'!G26 -> 0 | J26: ='DG1'!G26 -> - | K26: ='SG1'!G26 -> - | L26: ='CM1'!G26 -> - | M26: ='VS1'!G26 -> -
A27: HUMAN SYSTEM | C27: Human system includes the effect from human towards the crop production system including practices that human has used to influence the crop production as well as the socio-economic variables that affect agriculture workers or policies | D27: - | E27: - | H27: ='XH1'!G27 -> - | I27: ='KD1'!G27 -> 0 | J27: ='DG1'!G27 -> - | K27: ='SG1'!G27 -> - | L27: ='CM1'!G27 -> - | M27: ='VS1'!G27 -> -
A28: Management Subsystem | C28: This subsystem includes variables that is related to management | D28: - | E28: - | H28: ='XH1'!G28 -> - | I28: ='KD1'!G28 -> 0 | J28: ='DG1'!G28 -> - | K28: ='SG1'!G28 -> - | L28: ='CM1'!G28 -> - | M28: ='VS1'!G28 -> -
A29: Field size | B29: Lesiv et al. 2019 | C29: Field size shows the categorial data of field size from 1-5 | D29: 2017 | E29: ~0.3 arcminute | F29: https://pure.iiasa.ac.at/id/eprint/15526/ | G29: =MEDIAN(H29:N29) -> 4 | H29: ='XH1'!G29 -> 4 | I29: ='KD1'!G29 -> 4 | J29: ='DG1'!G29 -> 3 | K29: ='SG1'!G29 -> 4 | L29: ='CM1'!G29 -> 1 | M29: ='VS1'!G29 -> 5 | N29: ='CD1'!G29 -> 0
A30: Pesticide application rate | B30: Maggi et al. 2019 | C30: Application rate of pesticide per each crop | D30: 2015-2025 | E30: 5 arcminute | F30: https://figshare.com/articles/dataset/PEST-CHEMGRIDS_v1/7764014/5 | G30: =AVERAGE(H30:N30) -> 3.8571429 | H30: ='XH1'!G30 -> 3 | I30: ='KD1'!G30 -> 4 | J30: ='DG1'!G30 -> 4 | K30: ='SG1'!G30 -> 5 | L30: ='CM1'!G30 -> 4 | M30: ='VS1'!G30 -> 4 | N30: ='CD1'!G30 -> 3
A31: N fertilizer application rate | B31: Adalibieke et al. 2023 | C31: This shows the N fertilizer application rate for each crop | D31: 1961-2020 | E31: 5 arcminute | F31: https://data.tpdc.ac.cn/en/data/1e31ad1f-5904-4b49-8796-b379c37e7dba | G31: =AVERAGE(H31:N31) -> 4.5714286 | H31: ='XH1'!G31 -> 5 | I31: ='KD1'!G31 -> 5 | J31: ='DG1'!G31 -> 4 | K31: ='SG1'!G31 -> 5 | L31: ='CM1'!G31 -> 5 | M31: ='VS1'!G31 -> 4 | N31: ='CD1'!G31 -> 4
A32: Fraction of irrigated cropland | B32: Kebede et al. 2025 | C32: Fraction of irrigated cropland with the total cropland area in each grid | D32: 2000-2015 | E32: 5 arcminute | F32: https://doi.org/10.1038/s41597-024-04313-w | G32: =AVERAGE(H32:N32) -> 4.2857143 | H32: ='XH1'!G32 -> 5 | I32: ='KD1'!G32 -> 5 | J32: ='DG1'!G32 -> 4 | K32: ='SG1'!G32 -> 5 | L32: ='CM1'!G32 -> 3 | M32: ='VS1'!G32 -> 4 | N32: ='CD1'!G32 -> 4
A33: Machinery | B33: USDA 2023 | C33: Amount of machinery used in 1000 horsepower (CV) in metric unit per 100 hectares of cropland in each country | D33: 1961-2020 | E33: Country | F33: October 2024 update has remove the data | G33: =AVERAGE(H33:N33) -> 3.7142857 | H33: ='XH1'!G33 -> 4 | I33: ='KD1'!G33 -> 5 | J33: ='DG1'!G33 -> 2 | K33: ='SG1'!G33 -> 5 | L33: ='CM1'!G33 -> 4 | M33: ='VS1'!G33 -> 3 | N33: ='CD1'!G33 -> 3
A34: Agricultural workers | B34: FAO 2023 | C34: Number of agricultural workers in each country | D34: 1991-2020 | E34: Country | F34: https://www.fao.org/faostat/en/#data/OEA | G34: =AVERAGE(H34:N34) -> 3.4285714 | H34: ='XH1'!G34 -> 4 | I34: ='KD1'!G34 -> 5 | J34: ='DG1'!G34 -> 3 | K34: ='SG1'!G34 -> 4 | L34: ='CM1'!G34 -> 2 | M34: ='VS1'!G34 -> 3 | N34: ='CD1'!G34 -> 3
A35: Human pressure (NPP Act / NPP Pot) | B35: Matej et al. 2025 | C35: This shows the human influence on the biomass in Net Primary Production (NPP) in the ecosystem through land use by dividing NPP actual with NPP potential | D35: 1992-2020 | E35: 0.5 arcminute | F35: Matej, S., Weidinger, F., Kaufmann, L. et al. A global land-use data cube 1992–2020 based on the Human Appropriation of Net Primary Production. Sci Data 12, 511 (2025). https://doi.org/10.1038/s41597-025-04788-1 | G35: =AVERAGE(H35:N35) -> 2.5 | H35: ='XH1'!G35 -> 4 | I35: ='KD1'!G35 -> 3 | J35: ='DG1'!G35 -> 2 | K35: ='SG1'!G35 -> 3 | L35: ='CM1'!G35 -> 1 | M35: ='VS1'!G35 -> 2 | N35: x
A36: Other variables? | H36: ='XH1'!G36 -> x | I36: ='KD1'!G36 -> Blue and green crop water requirements | J36: ='DG1'!G36 -> x | K36: ='SG1'!G36 -> x | L36: ='CM1'!G36 -> x | M36: ='VS1'!G36 -> x
A37: Socio-economic Subsytem | C37: This subsystem consisted of socio-economic variables | D37: - | E37: - | H37: ='XH1'!G37 -> - | I37: ='KD1'!G37 -> 0 | J37: ='DG1'!G37 -> - | K37: ='SG1'!G37 -> - | L37: ='CM1'!G37 -> - | M37: ='VS1'!G37 -> -
A38: GNI | B38: Matti Kummu | C38: Gross National Income shows the values of national income for each country | D38: 1990-2021 | E38: admin 2 | G38: =AVERAGE(H38:N38) -> 2.6666667 | H38: ='XH1'!G38 -> 3 | I38: ='KD1'!G38 -> 3 | J38: ='DG1'!G38 -> 4 | K38: ='SG1'!G38 -> 3 | L38: ='CM1'!G38 -> 1 | M38: ='VS1'!G38 -> 2 | N38: x
A39: Years of schooling | B39: Matti Kummu | C39: This shows the amount of average years of schooling in the population | D39: 1990-2021 | E39: admin 1 | G39: =AVERAGE(H39:N39) -> 2.6666667 | H39: ='XH1'!G39 -> 3 | I39: ='KD1'!G39 -> 5 | J39: ='DG1'!G39 -> 3 | K39: ='SG1'!G39 -> 2 | L39: ='CM1'!G39 -> 1 | M39: ='VS1'!G39 -> 2 | N39: x
A40: Governance index | B40: Matti Kummu | C40: Governance inis based on World Bank Group (Worldwide Governance Indicators) which shows how good is the governance | D40: 1990-2021 | E40: admin 0 | G40: =AVERAGE(H40:N40) -> 2.5 | H40: ='XH1'!G40 -> 3 | I40: ='KD1'!G40 -> 3 | J40: ='DG1'!G40 -> 4 | K40: ='SG1'!G40 -> 1 | L40: ='CM1'!G40 -> 1 | M40: ='VS1'!G40 -> 3 | N40: x
A41: Other variables?

Sheet variables_round1
A1: Round1 - Chosen varaibles
A2: VARIABLES | B2: REFERENCE | C2: DESCRIPTION | D2: TIMESCALE | E2: RESOLUTION | F2: DOI | G2: SCORING (1-5, 5 being the most important)
A3: Soil SubSystem
A4: Soil organic carbon (SOC) | B4: Poggio et al. 2021 | C4: SOC shows the amount of soil organic carbon in each area from 0-60cm of depths | D4: 1960-2020 (mean) | E4: 250 m cellsize ~0.25 arcminute | F4: https://files.isric.org/soilgrids/latest/ | G4: 3.8333333 | H4: 4 | I4: 5 | J4: 3 | K4: 3 | L4: 3 | M4: 5
A5: Soil plant available phosphorous | B5: McDowell et al. 2023 | C5: Amount of phosphorous that is available for plant to absorb from the soil from 0-20cm depth | D5: 2000-2019 (mean) | E5: 0.5 arcminute | F5: https://figshare.com/articles/dataset/Global_Available_Soil_Phosphorus_Database/14241854 | G5: 3.5 | H5: 4 | I5: 3 | J5: 4 | K5: 3 | L5: 4 | M5: 3
A6: Evapotranspiration (Ashwath) - GLEAM | B6: Zhang et al. 2024 | C6: This shows the amount of evapotranspiration in the area | D6: 1982-2020 | E6: 6 arcminutes | F6: Zhang, K., Chen, H., Ma, N. et al. A global dataset of terrestrial evapotranspiration and soil moisture dynamics from 1982 to 2020. Sci Data 11, 445 (2024). https://doi.org/10.1038/s41597-024-03271-7 | G6: 4.5 | H6: 5 | I6: 5 | J6: 3 | K6: 5 | L6: 5 | M6: 4
A7: Soil Moisture (Ashwath) -> Available on Puhti - GLEAM / NCAR / ISMN | B7: Zhang et al. 2024 | C7: Amount of soil moisture throughout the layers along the vertical root distribution | D7: 1982-2020 | E7: 6 arcminutes | F7: Zhang, K., Chen, H., Ma, N. et al. A global dataset of terrestrial evapotranspiration and soil moisture dynamics from 1982 to 2020. Sci Data 11, 445 (2024). https://doi.org/10.1038/s41597-024-03271-7 | G7: 4.6666667 | H7: 5 | I7: 5 | J7: 5 | K7: 4 | L7: 5 | M7: 4
A9: Climate SubSystem
A10: Aridity index (Create) | B10: Lu et al. 2025 | C10: Aridity index is used to determine the aridity in the area by looking at, for example, precipitation or evapotranspiration values | D10: 2003-2022 | E10: 3 arcminute | F10: Lu, J., Yao, L., Qin, J., Jiang, H., & Zhou, C. (2025). Global reconstruction of gridded aridity index and its spatial and temporal characterization from 2003 to 2022. International Journal of Digital Earth, 18(1). https://doi.org/10.1080/17538947.2025.2473639 | G10: 4 | H10: 5 | I10: 5 | J10: 3 | K10: 4 | L10: 3 | M10: 4
A11: Precipitation (MSWEP) | B11: Beck et al. 2019 | C11: MSWEP shows the 3 hourly precipitation data from 1979 to 2017 | D11: 1979-2017 (annual mean) | E11: 6 arcminute | F11: Beck, H. E., E. F. Wood, M. Pan, C. K. Fisher, D. G. Miralles, A. I. J. M. van Dijk, T. R. McVicar, and R. F. Adler, 2019: MSWEP V2 Global 3-Hourly 0.1° Precipitation: Methodology and Quantitative Assessment. Bull. Amer. Meteor. Soc., 100, 473–500, https://doi.org/10.1175/BAMS-D-17-0138.1 | G11: 4.5 | H11: 4 | I11: 5 | J11: 5 | K11: 3 | L11: 5 | M11: 5
A12: Growing degree days (Create) | B12: Beck et al. 2022 | C12: This measure the accumulated heat above certain base temperature which can estimate the growth and development of plants and insects | D12: 1979-2025 | E12: 6 arcminute | F12: Beck, H.E. et al. (2022) ‘MSWX: Global 3-Hourly 0.1° Bias-Corrected Meteorological Data Including Near-Real-Time Updates and Forecast Ensembles’. Available at: https://doi.org/10.1175/BAMS-D-21-0145.1. | G12: 4.5 | H12: 5 | I12: 5 | J12: 4 | K12: 4 | L12: 5 | M12: 4
A14: Crop-field SubSystem
A15: Diversity of crops | B15: Sara Heikonen / Heikonen et al. 2025 | C15: Diversity of crops (30 major food crop types based on SPAM crops) | D15: 1990-2020 | E15: 5 arcminute | F15: https://mapspam.info/data/ | G15: 3.6666667 | H15: 5 | I15: 5 | J15: 3 | K15: 4 | L15: 2 | M15: 3
A16: Harvested crop products (HANPPharv) - Puhti | B16: Matej et al. 2025 | C16: Shows the amount of mass of carbon being harvested from 22 crop classes | D16: 1992-2020 | E16: 0.5 arcminute | F16: Matej, S., Weidinger, F., Kaufmann, L. et al. A global land-use data cube 1992–2020 based on the Human Appropriation of Net Primary Production. Sci Data 12, 511 (2025). https://doi.org/10.1038/s41597-025-04788-1 | G16: 3.5 | H16: 5 | I16: 2 | J16: 4 | K16: 5 | L16: 1 | M16: 4
A18: Management SubSystem
A19: Field size - Also okay if use for one year | B19: Lesiv et al. 2019 | C19: Field size shows the categorial data of field size from 1-5 | D19: 2017 | E19: ~0.3 arcminute | F19: https://pure.iiasa.ac.at/id/eprint/15526/ | G19: 3.5 | H19: 4 | I19: 4 | J19: 3 | K19: 4 | L19: 1 | M19: 5
A20: Pesticide application rate | B20: Maggi et al. 2019 | C20: Application rate of pesticide per each crop | D20: 2015-2025 | E20: 5 arcminute | F20: https://figshare.com/articles/dataset/PEST-CHEMGRIDS_v1/7764014/5 | G20: 4 | H20: 3 | I20: 4 | J20: 4 | K20: 5 | L20: 4 | M20: 4
A21: N fertilizer application rate | B21: Adalibieke et al. 2023 | C21: This shows the N fertilizer application rate for each crop | D21: 1961-2020 | E21: 5 arcminute | F21: https://data.tpdc.ac.cn/en/data/1e31ad1f-5904-4b49-8796-b379c37e7dba | G21: 4.6666667 | H21: 5 | I21: 5 | J21: 4 | K21: 5 | L21: 5 | M21: 4
A22: Fraction of irrigated cropland | B22: Kebede et al. 2025 | C22: Fraction of irrigated cropland with the total cropland area in each grid | D22: 2000-2015 | E22: 5 arcminute | F22: https://doi.org/10.1038/s41597-024-04313-w | G22: 4.3333333 | H22: 5 | I22: 5 | J22: 4 | K22: 5 | L22: 3 | M22: 4
A23: Machinery | B23: USDA 2023 | C23: Amount of machinery used in 1000 horsepower (CV) in metric unit per 100 hectares of cropland in each country | D23: 1961-2020 | E23: Country | F23: October 2024 update has remove the data | G23: 3.8333333 | H23: 4 | I23: 5 | J23: 2 | K23: 5 | L23: 4 | M23: 3
A24: Agricultural workers | B24: FAO 2023 | C24: Number of agricultural workers in each country | D24: 1991-2020 | E24: Country | F24: https://www.fao.org/faostat/en/#data/OEA | G24: 3.5 | H24: 4 | I24: 5 | J24: 3 | K24: 4 | L24: 2 | M24: 3
A26: Recommended variables
A27: Soil pH | B27: YES
A28: Frost days | B28: YES
A29: Surface vs Groundwater sourced irrigation water | B29: FAO / master's thesis
A30: Renewable water availability -> Total renewable water resources | B30: AQUASTAT | C30: country-level data | D30: 1964-2022 | E30: https://data.apps.fao.org/aquastat/?lang=en
A31: Crop-specific yield (irrig./rainfed); crop-specific harvested area (irrig./rainfed) | B31: SPAM possibly | C31: until 2010, maybe 2020 would be better
A32: Blue and green crop water requirements | B32: WATNEEDS
A33: Potential Evaporation -GLEAM | B33: Ashwath
A34: Dominant crops | B34: Need to create -> e.g. PCAM (30arcminute/1961-2014) | C34: The most grown crop (categorial data)
A35: Number of livestocks per unit cropland | B35: Should be able to do it | C35: Grazing land vs. Crop land (GL/CL) | D35: HYDE, HANPP
A36: Trees on cropland | B36: MOD44B.061 Terra Vegetation Continuous Fields | C36: 250m | D36: 2000-2024
A37: Share of productions going for exports | B37: FAOSTAT
A38: Soil plant available nitrogen | B38: Soil grid | C38: country-level data | D38: 1961-2023
A39: Precipitation (wettest 3 consecutive months) | B39: Probably yes | C39: Bio climate variables -> Ask Ashwath
A40: Frequency of droughts during growing season | B40: Ashwath | C40: For this variable I would need to look at the growing season of each crop individually and then assess it
A41: Frequency of dry spells during growing season | B41: Ashwath | C41: Look into growing degree days and which seasons are you looking into. Also, which crop calendar
A42: P fertilizer application | B42: Google this (US researcher Muller something something)
A43: Amounts of irrigation water used
A44: Amounts of actual crops being irrigated
A45: GINI index
A46: NPK Fertilizer application rate | B46: Coello et al. 2025
A47: Access to market | B47: only 2015
A48: Human population?
A50: Details of each crop | B50: GAEZ Data Portal (FAO)
A51: Total area equipped for irrigation - AQUASTAT

Sheet variables_round2
A1: VARIABLES | B1: REFERENCE | C1: DESCRIPTION | D1: TIMESCALE | E1: RESOLUTION | F1: DOI | G1: SCORING (1-5, 5 being the most important)
I2: XH | J2: KD | K2: DG | L2: SG | M2: CM | N2: VS | O2: CD
A3: PHYSICAL SYSTEM | C3: This system includes variables regarding the physical properties of the environment in the area that is not being influenced by human actions | D3: - | E3: - | G3: - | I3: ='XH1'!G3 -> - | J3: ='KD1'!G3 -> 0 | K3: ='DG1'!G3 -> - | L3: ='SG1'!G3 -> - | M3: ='CM1'!G3 -> - | N3: ='VS1'!G3 -> -
A4: Soil Subsystem | C4: This sub system concentrate on variables that are related to the soil | D4: - | E4: - | G4: Mean | H4: Median | I4: ='XH1'!G4 -> - | J4: ='KD1'!G4 -> 0 | K4: ='DG1'!G4 -> - | L4: ='SG1'!G4 -> - | M4: ='CM1'!G4 -> - | N4: ='VS1'!G4 -> -
A5: Soil organic carbon (SOC) | B5: Poggio et al. 2021 | C5: SOC shows the amount of soil organic carbon in each area | D5: 1960-2020 (mean) | E5: 250 m cellsize ~0.25 arcminute | F5: https://files.isric.org/soilgrids/latest/ | G5: =AVERAGE(I5:O5) -> 3.8571429 | H5: =MEDIAN(I5:O5) -> 4 | I5: ='XH1'!G5 -> 4 | J5: ='KD1'!G5 -> 5 | K5: ='DG1'!G5 -> 3 | L5: ='SG1'!G5 -> 3 | M5: ='CM1'!G5 -> 3 | N5: ='VS1'!G5 -> 5 | O5: ='CD1'!G5 -> 4
A6: Clay-silt content | B6: Poggio et al. 2021 | C6: Clay-silt shows the combined amount of clay and silt in the soil | D6: 1960-2020 (mean) | E6: 250 m cellsize ~0.25 arcminute | F6: https://files.isric.org/soilgrids/latest/ | G6: =AVERAGE(I6:O6) -> 2.5714286 | H6: =MEDIAN(I6:O6) -> 3 | I6: ='XH1'!G6 -> 3 | J6: ='KD1'!G6 -> 3 | K6: ='DG1'!G6 -> 2 | L6: ='SG1'!G6 -> 2 | M6: ='CM1'!G6 -> 3 | N6: ='VS1'!G6 -> 3 | O6: ='CD1'!G6 -> 2
A7: Soil plant available phosphorous | B7: McDowell et al. 2023 | C7: Amount of phosphorous that is available for plant to absorb from the soil | D7: 2000-2019 (mean) | E7: 0.5 arcminute | F7: https://figshare.com/articles/dataset/Global_Available_Soil_Phosphorus_Database/14241854 | G7: =AVERAGE(I7:O7) -> 3.4285714 | H7: =MEDIAN(I7:O7) -> 3 | I7: ='XH1'!G7 -> 4 | J7: ='KD1'!G7 -> 3 | K7: ='DG1'!G7 -> 4 | L7: ='SG1'!G7 -> 3 | M7: ='CM1'!G7 -> 4 | N7: ='VS1'!G7 -> 3 | O7: ='CD1'!G7 -> 3
A8: Soil Moisture | B8: Zhang et al. 2024 | C8: Amount of soil moisture throughout the layers along the vertical root distribution | D8: 1982-2020 | E8: 6 arcminutes | F8: Zhang, K., Chen, H., Ma, N. et al. A global dataset of terrestrial evapotranspiration and soil moisture dynamics from 1982 to 2020. Sci Data 11, 445 (2024). https://doi.org/10.1038/s41597-024-03271-7 | G8: =AVERAGE(I8:O8) -> 4.7142857 | H8: =MEDIAN(I8:O8) -> 5 | I8: ='XH1'!G9 -> 5 | J8: ='KD1'!G9 -> 5 | K8: ='DG1'!G9 -> 5 | L8: ='SG1'!G9 -> 4 | M8: ='CM1'!G9 -> 5 | N8: ='VS1'!G9 -> 4 | O8: ='CD1'!G9 -> 5
A9: Add -> Soil pH (SoilGrid) | B9: Poggio et al. 2021 | C9: Amount of pH values in soil | D9: 1960-2020 (mean) | E9: 250 m cellsize ~0.25 arcminute | F9: https://files.isric.org/soilgrids/latest/
A10: Add -> Soil plant available nitrogen | B10: TBD | C10: Amount of nitrogen that is available for plant to absorb from the soil | D10: TBD | E10: TBD | F10: TBD
I13: ='XH1'!G10 -> x | J13: ='KD1'!G10 -> 0 | K13: ='DG1'!G10 -> x | L13: ='SG1'!G10 -> x | M13: ='CM1'!G10 -> x | N13: ='VS1'!G10 -> x
A14: Climate Subsystem | C14: This subsystem focus on the climatic variables | D14: - | E14: - | I14: ='XH1'!G11 -> - | J14: ='KD1'!G11 -> 0 | K14: ='DG1'!G11 -> - | L14: ='SG1'!G11 -> - | M14: ='CM1'!G11 -> - | N14: ='VS1'!G11 -> -
A15: Aridity index* | B15: Lu et al. 2025 | C15: Aridity index is used to determine the aridity in the area by looking at, for example, precipitation or evapotranspiration values | D15: 2003-2022 | E15: 3 arcminute | F15: Lu, J., Yao, L., Qin, J., Jiang, H., & Zhou, C. (2025). Global reconstruction of gridded aridity index and its spatial and temporal characterization from 2003 to 2022. International Journal of Digital Earth, 18(1). https://doi.org/10.1080/17538947.2025.2473639 | G15: =AVERAGE(I15:O15) -> 4.1428571 | H15: =MEDIAN(I15:O15) -> 4 | I15: ='XH1'!G12 -> 5 | J15: ='KD1'!G12 -> 5 | K15: ='DG1'!G12 -> 3 | L15: ='SG1'!G12 -> 4 | M15: ='CM1'!G12 -> 3 | N15: ='VS1'!G12 -> 4 | O15: ='CD1'!G12 -> 5
A16: Precipitation (MSWEP) | B16: Beck et al. 2019 | C16: MSWEP shows the 3 hourly precipitation data from 1979 to 2017 | D16: 1979-2017 (annual mean) | E16: 6 arcminute | F16: Beck, H. E., E. F. Wood, M. Pan, C. K. Fisher, D. G. Miralles, A. I. J. M. van Dijk, T. R. McVicar, and R. F. Adler, 2019: MSWEP V2 Global 3-Hourly 0.1° Precipitation: Methodology and Quantitative Assessment. Bull. Amer. Meteor. Soc., 100, 473–500, https://doi.org/10.1175/BAMS-D-17-0138.1 | G16: =AVERAGE(I16:O16) -> 4.4285714 | H16: =MEDIAN(I16:O16) -> 5 | I16: ='XH1'!G13 -> 4 | J16: ='KD1'!G13 -> 5 | K16: ='DG1'!G13 -> 5 | L16: ='SG1'!G13 -> 3 | M16: ='CM1'!G13 -> 5 | N16: ='VS1'!G13 -> 5 | O16: ='CD1'!G13 -> 4
A17: Growing degree days | B17: Beck et al. 2022 | C17: This measure the accumulated heat above certain base temperature which can estimate the growth and development of plants and insects | D17: 1979-2025 | E17: 6 arcminute | F17: Beck, H.E. et al. (2022) ‘MSWX: Global 3-Hourly 0.1° Bias-Corrected Meteorological Data Including Near-Real-Time Updates and Forecast Ensembles’. Available at: https://doi.org/10.1175/BAMS-D-21-0145.1. | G17: =AVERAGE(I17:O17) -> 4.4285714 | H17: =MEDIAN(I17:O17) -> 4 | I17: ='XH1'!G14 -> 5 | J17: ='KD1'!G14 -> 5 | K17: ='DG1'!G14 -> 4 | L17: ='SG1'!G14 -> 4 | M17: ='CM1'!G14 -> 5 | N17: ='VS1'!G14 -> 4 | O17: ='CD1'!G14 -> 4
A18: Drought index (SPEI)* | B18: Solomon et al. 2023 | C18: Drought index (SPEI) was calculated from two precipitation and two evapotranspiration datasets | D18: 1981-2022 | E18: 5km gridded ~2.5 arcminute | F18: Gebrechorkos, S. H., Peng, J., Dyer, E., Miralles, D. G., Vicente-Serrano, S. M., Funk, C., Beck, H. E., Asfaw, D. T., Singer, M. B., and Dadson, S. J.: Global high-resolution drought indices for 1981–2022, Earth Syst. Sci. Data, 15, 5449–5466, https://doi.org/10.5194/essd-15-5449-2023 | G18: =AVERAGE(I18:O18) -> 3.4285714 | H18: =MEDIAN(I18:O18) -> 3 | I18: ='XH1'!G15 -> 4 | J18: ='KD1'!G15 -> 3 | K18: ='DG1'!G15 -> 4 | L18: ='SG1'!G15 -> 3 | M18: ='CM1'!G15 -> 3 | N18: ='VS1'!G15 -> 3 | O18: ='CD1'!G15 -> 4
A19: Warm spell duration index (WSDI) | B19: Beck et al. 2022 | C19: This indicator shows the amount of conscutive days that the temperature is high (drought). | D19: 1979-2025 | E19: 6 arcminute | F19: Beck, H.E. et al. (2022) ‘MSWX: Global 3-Hourly 0.1° Bias-Corrected Meteorological Data Including Near-Real-Time Updates and Forecast Ensembles’. Available at: https://doi.org/10.1175/BAMS-D-21-0145.1. | G19: =AVERAGE(I19:O19) -> 2.7142857 | H19: =MEDIAN(I19:O19) -> 3 | I19: ='XH1'!G16 -> 4 | J19: ='KD1'!G16 -> 2 | K19: ='DG1'!G16 -> 4 | L19: ='SG1'!G16 -> 1 | M19: ='CM1'!G16 -> 3 | N19: ='VS1'!G16 -> 2 | O19: ='CD1'!G16 -> 3
A20: Harvested crop products (HANPPharv) | B20: Matej et al. 2025 | C20: Shows the amount of mass of carbon being harvested from 22 crop classes | D20: 1992-2020 | E20: 0.5 arcminute | F20: Matej, S., Weidinger, F., Kaufmann, L. et al. A global land-use data cube 1992–2020 based on the Human Appropriation of Net Primary Production. Sci Data 12, 511 (2025). https://doi.org/10.1038/s41597-025-04788-1 | G20: =AVERAGE(I20:O20) -> 3.5714286 | H20: =MEDIAN(I20:O20) -> 4 | I20: ='XH1'!G22 -> 5 | J20: ='KD1'!G22 -> 2 | K20: ='DG1'!G22 -> 4 | L20: ='SG1'!G22 -> 5 | M20: ='CM1'!G22 -> 1 | N20: ='VS1'!G22 -> 4 | O20: ='CD1'!G22 -> 4
A21: Potential Net primary production (NPP Pot) | B21: Matej et al. 2025 | C21: Potential biomass that is available in each area from agriculture and forestry. | D21: 1992-2020 | E21: 0.5 arcminute | F21: Matej, S., Weidinger, F., Kaufmann, L. et al. A global land-use data cube 1992–2020 based on the Human Appropriation of Net Primary Production. Sci Data 12, 511 (2025). https://doi.org/10.1038/s41597-025-04788-1 | G21: =AVERAGE(I21:O21) -> 3.3333333 | H21: =MEDIAN(I21:O21) -> 3.5 | I21: ='XH1'!G23 -> 4 | J21: ='KD1'!G23 -> 3 | K21: ='DG1'!G23 -> 3 | L21: ='SG1'!G23 -> x | M21: ='CM1'!G23 -> 1 | N21: ='VS1'!G23 -> 5 | O21: ='CD1'!G23 -> 4
A22: Evapotranspiration* | B22: Zhang et al. 2024 | C22: This shows the amount of evapotranspiration in the area | D22: 1982-2020 | E22: 6 arcminutes | F22: Zhang, K., Chen, H., Ma, N. et al. A global dataset of terrestrial evapotranspiration and soil moisture dynamics from 1982 to 2020. Sci Data 11, 445 (2024). https://doi.org/10.1038/s41597-024-03271-7 | G22: =AVERAGE(I22:O22) -> 4.4285714 | H22: =MEDIAN(I22:O22) -> 5 | I22: ='XH1'!G8 -> 5 | J22: ='KD1'!G8 -> 5 | K22: ='DG1'!G8 -> 3 | L22: ='SG1'!G8 -> 5 | M22: ='CM1'!G8 -> 5 | N22: ='VS1'!G8 -> 4 | O22: ='CD1'!G8 -> 4
A23: Add -> Frost days | B23: Beck et al. 2022 | C23: Number of days with temperature below 0 celsius | D23: 1979-2025 | E23: 6 arcminute | F23: Beck, H.E. et al. (2022) ‘MSWX: Global 3-Hourly 0.1° Bias-Corrected Meteorological Data Including Near-Real-Time Updates and Forecast Ensembles’. Available at: https://doi.org/10.1175/BAMS-D-21-0145.1.
A24: Add -> Potential Evaporation/Evapotranspiration* (GLEAM) | B24: Miralles, D.G., Bonte, O., Koppa, A. et al. 2025 | C24: Amount of evaporation in each grid | D24: 1980-2023 | E24: 6 arcminutes | F24: https://doi.org/10.1038/s41597-025-04610-y
A25: Add -> Precipitation (wettest 3 consecutive months) (MSWEP/MSWX) | B25: Beck et al. 2022 | C25: The combination of three consecutive monthly precipitation data which has the highest precipitation total value | D25: 1979-2025 | E25: 6 arcminute | F25: Beck, H.E. et al. (2022) ‘MSWX: Global 3-Hourly 0.1° Bias-Corrected Meteorological Data Including Near-Real-Time Updates and Forecast Ensembles’. Available at: https://doi.org/10.1175/BAMS-D-21-0145.1.
A26: Add -> Frequency of droughts during growing season (MSWX) | B26: Beck et al. 2022 | C26: Calculate from monthly drought index and overlay with the growing season days of each year | D26: 1979-2025 | E26: 6 arcminute | F26: Beck, H.E. et al. (2022) ‘MSWX: Global 3-Hourly 0.1° Bias-Corrected Meteorological Data Including Near-Real-Time Updates and Forecast Ensembles’. Available at: https://doi.org/10.1175/BAMS-D-21-0145.1.
A27: Add -> Frequency of dry spells during growing season (MSWX) | B27: Beck et al. 2022 | C27: The number consecutive 5-7 days of little or no rainfall and compared this growing season for each year | D27: 1979-2025 | E27: 6 arcminute | F27: Beck, H.E. et al. (2022) ‘MSWX: Global 3-Hourly 0.1° Bias-Corrected Meteorological Data Including Near-Real-Time Updates and Forecast Ensembles’. Available at: https://doi.org/10.1175/BAMS-D-21-0145.1.
A28: *Note: Might only choose one variable out of these four
A30: Combined System (integrated)
A31: Crop-field Subsystem | C31: Crop-field system is currently considered to be between the two main systems (Physical and Human). This system focuses on the variables that are related to crop species | D31: - | E31: - | I31: ='XH1'!G18 -> - | J31: ='KD1'!G18 -> 0 | K31: ='DG1'!G18 -> - | L31: ='SG1'!G18 -> - | M31: ='CM1'!G18 -> - | N31: ='VS1'!G18 -> -
A32: Diversity of crops (potential of crops that can be grown) | B32: Sara Heikonen / Heikonen et al. 2025 | C32: Diversity of crops (30 major food crop types based on SPAM crops) | D32: 1990-2020 | E32: 5 arcminute | F32: https://mapspam.info/data/ | G32: =AVERAGE(I32:O32) -> 3.4285714 | H32: =MEDIAN(I32:O32) -> 3 | I32: ='XH1'!G19 -> 5 | J32: ='KD1'!G19 -> 5 | K32: ='DG1'!G19 -> 3 | L32: ='SG1'!G19 -> 4 | M32: ='CM1'!G19 -> 2 | N32: ='VS1'!G19 -> 3 | O32: ='CD1'!G19 -> 2
A33: Fraction of cropland per total land area | B33: Matej et al. 2025 | C33: This variable captures the intensity of the cropland in each area by calculating the fraction of actual cropland in the cropland area | D33: 1992-2020 | E33: 0.5 arcminute | F33: https://doi.org/10.1038/s41597-025-04788-1 | G33: =AVERAGE(I33:O33) -> 3 | H33: =MEDIAN(I33:O33) -> 3 | I33: ='XH1'!G20 -> 4 | J33: ='KD1'!G20 -> 5 | K33: ='DG1'!G20 -> 2 | L33: ='SG1'!G20 -> 4 | M33: ='CM1'!G20 -> 1 | N33: ='VS1'!G20 -> 2 | O33: ='CD1'!G20 -> 3
A34: Kilo-calories produced from crops (from SPAM) | B34: SPAM 2000, SPAM 2005, SPAM 2010, SPAM 2020 | C34: Shows the amount of kilo-calories being produced from SPAM crops classes | D34: 2000-2020 | E34: 5 arcminute | F34: https://mapspam.info/data/ | G34: =AVERAGE(I34:O34) -> 3.1428571 | H34: =MEDIAN(I34:O34) -> 3 | I34: ='XH1'!G21 -> 5 | J34: ='KD1'!G21 -> 2 | K34: ='DG1'!G21 -> 4 | L34: ='SG1'!G21 -> 4 | M34: ='CM1'!G21 -> 1 | N34: ='VS1'!G21 -> 3 | O34: ='CD1'!G21 -> 3
A35: Greenhouse gas emissions from cropland | B35: Cao et al. 2025 (Preprint) | C35: Emission of carbon dioxide, methane, and nitrous oxide from 46 crops circa 2020 | D35: 2020 | E35: 5 arcminute | F35: https://doi.org/10.21203/rs.3.rs-6622054/v1 | G35: =AVERAGE(I35:O35) -> 3.0714286 | H35: =MEDIAN(I35:O35) -> 3 | I35: 2.5 | J35: ='KD1'!G24 -> 5 | K35: ='DG1'!G24 -> 4 | L35: ='SG1'!G24 -> 3 | M35: ='CM1'!G24 -> 1 | N35: ='VS1'!G24 -> 2 | O35: ='CD1'!G24 -> 4
A36: Add -> Blue and Green crop water requirement (WATNEEDS) | B36: Chiarelli, D.D., Passera, C., Rosa, L. et al. | C36: Amount of green water (ET) and blue water (irrigation) required for crops | D36: 2000, 2016 | E36: 5 arcminute | F36: https://doi.org/10.1038/s41597-020-00612-0
A37: Add -> Dominant crops | B37: Jackson, Nicole D., et al. 2019 | C37: The most common crop being grown in each grid | D37: 1961-2014 | E37: 30 arcminute | F37: https://doi.org/10.1088/1748-9326/ab3b93
A38: Add -> Ratio of Grazing land and Crop land (create) | B38: Parente et al. 2024 / Matej et al. 2025 | C38: Ratio of amont of grazing land over cropland per grid area | D38: 2000-2022 | E38: 5 arcminute | F38: https://doi.org/10.1038/s41597-024-04139-6 / https://doi.org/10.1038/s41597-025-04788-1
A39: Add -> Trees on cropland (MODIS) | B39: DiMiceli et al. 2022 | C39: Ratio of trees or non-trees on croplands | D39: 2000-2024 | E39: 250 m cellsize ~0.25 arcminute | F39: https://doi.org/10.5067/MODIS/MOD44B.061
A40: Water Subsystem (Water management?)
A42: HUMAN SYSTEM | C42: Human system includes the effect from human towards the crop production system including practices that human has used to influence the crop production as well as the socio-economic variables that affect agriculture workers or policies | D42: - | E42: - | I42: ='XH1'!G27 -> - | J42: ='KD1'!G27 -> 0 | K42: ='DG1'!G27 -> - | L42: ='SG1'!G27 -> - | M42: ='CM1'!G27 -> - | N42: ='VS1'!G27 -> -
A43: Socio-economic Subsytem | C43: This subsystem consisted of socio-economic variables | D43: - | E43: - | I43: ='XH1'!G37 -> - | J43: ='KD1'!G37 -> 0 | K43: ='DG1'!G37 -> - | L43: ='SG1'!G37 -> - | M43: ='CM1'!G37 -> - | N43: ='VS1'!G37 -> -
A44: GNI | B44: Matti Kummu | C44: Gross National Income shows the values of national income for each country | D44: 1990-2021 | E44: admin 2 (country) | G44: =AVERAGE(I44:O44) -> 2.6666667 | H44: =MEDIAN(I44:O44) -> 3 | I44: ='XH1'!G38 -> 3 | J44: ='KD1'!G38 -> 3 | K44: ='DG1'!G38 -> 4 | L44: ='SG1'!G38 -> 3 | M44: ='CM1'!G38 -> 1 | N44: ='VS1'!G38 -> 2 | O44: x
A45: Years of schooling | B45: Matti Kummu | C45: This shows the amount of average years of schooling in the population | D45: 1990-2021 | E45: admin 1 | G45: =AVERAGE(I45:O45) -> 2.6666667 | H45: =MEDIAN(I45:O45) -> 2.5 | I45: ='XH1'!G39 -> 3 | J45: ='KD1'!G39 -> 5 | K45: ='DG1'!G39 -> 3 | L45: ='SG1'!G39 -> 2 | M45: ='CM1'!G39 -> 1 | N45: ='VS1'!G39 -> 2 | O45: x
A46: Governance index | B46: Matti Kummu | C46: Governance inis based on World Bank Group (Worldwide Governance Indicators) which shows how good is the governance | D46: 1990-2021 | E46: admin 0 | G46: =AVERAGE(I46:O46) -> 2.5 | H46: =MEDIAN(I46:O46) -> 3 | I46: ='XH1'!G40 -> 3 | J46: ='KD1'!G40 -> 3 | K46: ='DG1'!G40 -> 4 | L46: ='SG1'!G40 -> 1 | M46: ='CM1'!G40 -> 1 | N46: ='VS1'!G40 -> 3 | O46: x
A47: Add -> Share of productions going for exports | B47: FAOSTAT | C47: Amount of productions being sent for exports in location | D47: 1961-2023 | E47: admin 2 (country) | F47: https://www.fao.org/faostat/en/#data/TCL
A48: Add -> Human population (HYDE 3.3) | B48: Goldewijk et al. 2017 | C48: Amount of total human population | D48: 10000BCE-2023 | E48: 5 arcminute | F48: https://doi.org/10.24416/UU01-AEZZIT
I49: ='XH1'!G26 -> - | J49: ='KD1'!G26 -> 0 | K49: ='DG1'!G26 -> - | L49: ='SG1'!G26 -> - | M49: ='CM1'!G26 -> - | N49: ='VS1'!G26 -> -
A50: Management Subsystem | C50: This subsystem includes variables that is related to management | D50: - | E50: - | I50: ='XH1'!G28 -> - | J50: ='KD1'!G28 -> 0 | K50: ='DG1'!G28 -> - | L50: ='SG1'!G28 -> - | M50: ='CM1'!G28 -> - | N50: ='VS1'!G28 -> -
A51: Field size | B51: Lesiv et al. 2019 | C51: Field size shows the categorial data of field size from 1-5 | D51: 2017 | E51: ~0.3 arcminute | F51: https://pure.iiasa.ac.at/id/eprint/15526/ | G51: =AVERAGE(I51:O51) -> 3 | H51: =MEDIAN(I51:O51) -> 4 | I51: ='XH1'!G29 -> 4 | J51: ='KD1'!G29 -> 4 | K51: ='DG1'!G29 -> 3 | L51: ='SG1'!G29 -> 4 | M51: ='CM1'!G29 -> 1 | N51: ='VS1'!G29 -> 5 | O51: ='CD1'!G29 -> 0
A52: Pesticide application rate | B52: Maggi et al. 2019 | C52: Application rate of pesticide per each crop | D52: 2015-2025 | E52: 5 arcminute | F52: https://figshare.com/articles/dataset/PEST-CHEMGRIDS_v1/7764014/5 | G52: =AVERAGE(I52:O52) -> 3.8571429 | H52: =MEDIAN(I52:O52) -> 4 | I52: ='XH1'!G30 -> 3 | J52: ='KD1'!G30 -> 4 | K52: ='DG1'!G30 -> 4 | L52: ='SG1'!G30 -> 5 | M52: ='CM1'!G30 -> 4 | N52: ='VS1'!G30 -> 4 | O52: ='CD1'!G30 -> 3
A53: N fertilizer application rate | B53: Adalibieke et al. 2023 | C53: This shows the N fertilizer application rate for each crop | D53: 1961-2020 | E53: 5 arcminute | F53: https://data.tpdc.ac.cn/en/data/1e31ad1f-5904-4b49-8796-b379c37e7dba | G53: =AVERAGE(I53:O53) -> 4.5714286 | H53: =MEDIAN(I53:O53) -> 5 | I53: ='XH1'!G31 -> 5 | J53: ='KD1'!G31 -> 5 | K53: ='DG1'!G31 -> 4 | L53: ='SG1'!G31 -> 5 | M53: ='CM1'!G31 -> 5 | N53: ='VS1'!G31 -> 4 | O53: ='CD1'!G31 -> 4
A54: Fraction of irrigated cropland | B54: Kebede et al. 2025 | C54: Fraction of irrigated cropland with the total cropland area in each grid | D54: 2000-2015 | E54: 5 arcminute | F54: https://doi.org/10.1038/s41597-024-04313-w | G54: =AVERAGE(I54:O54) -> 4.2857143 | H54: =MEDIAN(I54:O54) -> 4 | I54: ='XH1'!G32 -> 5 | J54: ='KD1'!G32 -> 5 | K54: ='DG1'!G32 -> 4 | L54: ='SG1'!G32 -> 5 | M54: ='CM1'!G32 -> 3 | N54: ='VS1'!G32 -> 4 | O54: ='CD1'!G32 -> 4
A55: Machinery | B55: USDA 2023 | C55: Amount of machinery used in 1000 horsepower (CV) in metric unit per 100 hectares of cropland in each country | D55: 1961-2020 | E55: admin 2 (country) | F55: October 2024 update has remove the data | G55: =AVERAGE(I55:O55) -> 3.7142857 | H55: =MEDIAN(I55:O55) -> 4 | I55: ='XH1'!G33 -> 4 | J55: ='KD1'!G33 -> 5 | K55: ='DG1'!G33 -> 2 | L55: ='SG1'!G33 -> 5 | M55: ='CM1'!G33 -> 4 | N55: ='VS1'!G33 -> 3 | O55: ='CD1'!G33 -> 3
A56: Agricultural workers | B56: FAO 2023 | C56: Number of agricultural workers in each country | D56: 1991-2020 | E56: admin 2 (country) | F56: https://www.fao.org/faostat/en/#data/OEA | G56: =AVERAGE(I56:O56) -> 3.4285714 | H56: =MEDIAN(I56:O56) -> 3 | I56: ='XH1'!G34 -> 4 | J56: ='KD1'!G34 -> 5 | K56: ='DG1'!G34 -> 3 | L56: ='SG1'!G34 -> 4 | M56: ='CM1'!G34 -> 2 | N56: ='VS1'!G34 -> 3 | O56: ='CD1'!G34 -> 3
A57: Human pressure (NPP Act / NPP Pot) | B57: Matej et al. 2025 | C57: This shows the human influence on the biomass in Net Primary Production (NPP) in the ecosystem through land use by dividing NPP actual with NPP potential | D57: 1992-2020 | E57: 0.5 arcminute | F57: Matej, S., Weidinger, F., Kaufmann, L. et al. A global land-use data cube 1992–2020 based on the Human Appropriation of Net Primary Production. Sci Data 12, 511 (2025). https://doi.org/10.1038/s41597-025-04788-1 | G57: =AVERAGE(I57:O57) -> 2.5 | H57: =MEDIAN(I57:O57) -> 2.5 | I57: ='XH1'!G35 -> 4 | J57: ='KD1'!G35 -> 3 | K57: ='DG1'!G35 -> 2 | L57: ='SG1'!G35 -> 3 | M57: ='CM1'!G35 -> 1 | N57: ='VS1'!G35 -> 2 | O57: x
A58: Add -> NPK fertilizer application rate | B58: Coello et al. 2025 | C58: Nitrogen, Phosphorous, and Potassium fertilizer applications for crops | D58: 1961-2019 | E58: 5 arcminute | F58: https://doi.org/10.1038/s41597-024-04215-x
A59: Add -> Total renewable water resources (AQUASTAT) -> maybe to water stress | B59: AQUASTAT (FAO) | C59: Amount of water resources that is renewable | D59: 1964-2022 | E59: admin 2 (country) | F59: https://data.apps.fao.org/aquastat/?lang=en
A60: Add -> Ratio of surface and groundwater sourced irrigation water | B60: AQUASTAT (FAO) | C60: Ration of amount of irrigation water from surface vs groundwater | D60: 1964-2022 | E60: admin 2 (country) | F60: https://data.apps.fao.org/aquastat/?lang=en
I61: ='XH1'!G36 -> x | J61: ='KD1'!G36 -> Blue and green crop water requirements | K61: ='DG1'!G36 -> x | L61: ='SG1'!G36 -> x | M61: ='CM1'!G36 -> x | N61: ='VS1'!G36 -> x

Sheet XH1
A1: VARIABLES | B1: REFERENCE | C1: DESCRIPTION | D1: TIMESCALE | E1: RESOLUTION | F1: DOI | G1: SCORING (1-5, 5 being the most important) | I1: Addtional comments/variables?
A3: PHYSICAL SYSTEM | C3: This system includes variables regarding the physical properties of the environment in the area that is not being influenced by human actions | D3: - | E3: - | G3: -
A4: Soil Subsystem | C4: This sub system concentrate on variables that are related to the soil | D4: - | E4: - | G4: -
A5: Soil organic carbon (SOC) | B5: Poggio et al. 2021 | C5: SOC shows the amount of soil organic carbon in each area from 0-60cm of depths | D5: 1960-2020 (mean) | E5: 250 m cellsize ~0.25 arcminute | F5: https://files.isric.org/soilgrids/latest/ | G5: 4
A6: Clay-silt content | B6: Poggio et al. 2021 | C6: Clay-silt shows the combined amount of clay and silt in the soil from 0-60cm depths | D6: 1960-2020 (mean) | E6: 250 m cellsize ~0.25 arcminute | F6: https://files.isric.org/soilgrids/latest/ | G6: 3
A7: Soil plant available phosphorous | B7: McDowell et al. 2023 | C7: Amount of phosphorous that is available for plant to absorb from the soil from 0-20cm depth | D7: 2000-2019 (mean) | E7: 0.5 arcminute | F7: https://figshare.com/articles/dataset/Global_Available_Soil_Phosphorus_Database/14241854 | G7: 4
A8: Evapotranspiration | B8: Zhang et al. 2024 | C8: This shows the amount of evapotranspiration in the area | D8: 1982-2020 | E8: 6 arcminutes | F8: Zhang, K., Chen, H., Ma, N. et al. A global dataset of terrestrial evapotranspiration and soil moisture dynamics from 1982 to 2020. Sci Data 11, 445 (2024). https://doi.org/10.1038/s41597-024-03271-7 | G8: 5
A9: Soil Moisture | B9: Zhang et al. 2024 | C9: Amount of soil moisture throughout the layers along the vertical root distribution | D9: 1982-2020 | E9: 6 arcminutes | F9: Zhang, K., Chen, H., Ma, N. et al. A global dataset of terrestrial evapotranspiration and soil moisture dynamics from 1982 to 2020. Sci Data 11, 445 (2024). https://doi.org/10.1038/s41597-024-03271-7 | G9: 5
A10: Other variables? | G10: x | H10: soil pH?
A11: Climate Subsystem | C11: This subsystem focus on the climatic variables | D11: - | E11: - | G11: -
A12: Aridity index | B12: Lu et al. 2025 | C12: Aridity index is used to determine the aridity in the area by looking at, for example, precipitation or evapotranspiration values | D12: 2003-2022 | E12: 3 arcminute | F12: Lu, J., Yao, L., Qin, J., Jiang, H., & Zhou, C. (2025). Global reconstruction of gridded aridity index and its spatial and temporal characterization from 2003 to 2022. International Journal of Digital Earth, 18(1). https://doi.org/10.1080/17538947.2025.2473639 | G12: 5
A13: Precipitation (MSWEP) | B13: Beck et al. 2019 | C13: MSWEP shows the 3 hourly precipitation data from 1979 to 2017 | D13: 1979-2017 (annual mean) | E13: 6 arcminute | F13: Beck, H. E., E. F. Wood, M. Pan, C. K. Fisher, D. G. Miralles, A. I. J. M. van Dijk, T. R. McVicar, and R. F. Adler, 2019: MSWEP V2 Global 3-Hourly 0.1° Precipitation: Methodology and Quantitative Assessment. Bull. Amer. Meteor. Soc., 100, 473–500, https://doi.org/10.1175/BAMS-D-17-0138.1 | G13: 4
A14: Growing degree days | B14: Beck et al. 2022 | C14: This measure the accumulated heat above certain base temperature which can estimate the growth and development of plants and insects | D14: 1979-2025 | E14: 6 arcminute | F14: Beck, H.E. et al. (2022) ‘MSWX: Global 3-Hourly 0.1° Bias-Corrected Meteorological Data Including Near-Real-Time Updates and Forecast Ensembles’. Available at: https://doi.org/10.1175/BAMS-D-21-0145.1. | G14: 5
A15: Drought index (SPEI) | B15: Solomon et al. 2023 | C15: Drought index (SPEI) was calculated from two precipitation and two evapotranspiration datasets | D15: 1981-2022 | E15: 5km gridded ~2.5 arcminute | F15: Gebrechorkos, S. H., Peng, J., Dyer, E., Miralles, D. G., Vicente-Serrano, S. M., Funk, C., Beck, H. E., Asfaw, D. T., Singer, M. B., and Dadson, S. J.: Global high-resolution drought indices for 1981–2022, Earth Syst. Sci. Data, 15, 5449–5466, https://doi.org/10.5194/essd-15-5449-2023 | G15: 4
A16: Warm spell duration index (WSDI) | B16: Beck et al. 2022 | C16: This indicator shows the amount of conscutive days that the temperature is high (drought). | D16: 1979-2025 | E16: 6 arcminute | F16: Beck, H.E. et al. (2022) ‘MSWX: Global 3-Hourly 0.1° Bias-Corrected Meteorological Data Including Near-Real-Time Updates and Forecast Ensembles’. Available at: https://doi.org/10.1175/BAMS-D-21-0145.1. | G16: 4
A17: Other variables? | G17: x | H17: frost days?
A18: Crop-field Subsystem | C18: Crop-field system is currently considered to be between the two main systems (Physical and Human). This system focuses on the variables that are related to crop species | D18: - | E18: - | G18: -
A19: Diversity of crops | B19: Sara Heikonen / Heikonen et al. 2025 | C19: Diversity of crops (30 major food crop types based on SPAM crops) | D19: 1990-2020 | E19: 5 arcminute | F19: https://mapspam.info/data/ | G19: 5
A20: Fraction of cropland per total land area | B20: Matej et al. 2025 | C20: This variable captures the intensity of the cropland in each area by calculating the fraction of actual cropland in the cropland area | D20: 1992-2020 | E20: 0.5 arcminute | F20: https://mapspam.info/data/ | G20: 4
A21: Kilo-calories produced from crops (from SPAM) | B21: SPAM 2000, SPAM 2005, SPAM 2010, SPAM 2020 | C21: Shows the amount of kilo-calories being produced from SPAM crops classes | D21: 2000-2020 | E21: 5 arcminute | F21: https://mapspam.info/data/ | G21: 5
A22: Harvested crop products (HANPP) | B22: Matej et al. 2025 | C22: Shows the amount of mass of carbon being harvested from 22 crop classes | D22: 1992-2020 | E22: 0.5 arcminute | F22: Matej, S., Weidinger, F., Kaufmann, L. et al. A global land-use data cube 1992–2020 based on the Human Appropriation of Net Primary Production. Sci Data 12, 511 (2025). https://doi.org/10.1038/s41597-025-04788-1 | G22: 5
A23: Potential Net primary production (NPP Pot) | B23: Matej et al. 2025 | C23: Potential biomass that is available in each area from agriculture and forestry. | D23: 1992-2020 | E23: 0.5 arcminute | F23: Matej, S., Weidinger, F., Kaufmann, L. et al. A global land-use data cube 1992–2020 based on the Human Appropriation of Net Primary Production. Sci Data 12, 511 (2025). https://doi.org/10.1038/s41597-025-04788-1 | G23: 4
A24: Greenhouse gas emissions from cropland | B24: Cao et al. 2025 (Preprint) | C24: Emission of carbon dioxide, methane, and nitrous oxide from 46 crops circa 2020 | D24: 2020 | E24: 5 arcminute | F24: https://doi.org/10.21203/rs.3.rs-6622054/v1 | G24: 2/3 | H24: importance may depend on the framing a little bit
A25: Other variables?
G26: -
A27: HUMAN SYSTEM | C27: Human system includes the effect from human towards the crop production system including practices that human has used to influence the crop production as well as the socio-economic variables that affect agriculture workers or policies | D27: - | E27: - | G27: -
A28: Management Subsystem | C28: This subsystem includes variables that is related to management | D28: - | E28: - | G28: -
A29: Field size | B29: Lesiv et al. 2019 | C29: Field size shows the categorial data of field size from 1-5 | D29: 2017 | E29: ~0.3 arcminute | F29: https://pure.iiasa.ac.at/id/eprint/15526/ | G29: 4
A30: Pesticide application rate | B30: Maggi et al. 2019 | C30: Application rate of pesticide per each crop | D30: 2015-2025 | E30: 5 arcminute | F30: https://figshare.com/articles/dataset/PEST-CHEMGRIDS_v1/7764014/5 | G30: 3
A31: N fertilizer application rate | B31: Adalibieke et al. 2023 | C31: This shows the N fertilizer application rate for each crop | D31: 1961-2020 | E31: 5 arcminute | F31: https://data.tpdc.ac.cn/en/data/1e31ad1f-5904-4b49-8796-b379c37e7dba | G31: 5
A32: Fraction of irrigated cropland | B32: Kebede et al. 2025 | C32: Fraction of irrigated cropland with the total cropland area in each grid | D32: 2000-2015 | E32: 5 arcminute | F32: https://doi.org/10.1038/s41597-024-04313-w | G32: 5
A33: Machinery | B33: USDA 2023 | C33: Amount of machinery used in 1000 horsepower (CV) in metric unit per 100 hectares of cropland in each country | D33: 1961-2020 | E33: Country | F33: October 2024 update has remove the data | G33: 4
A34: Agricultural workers | B34: FAO 2023 | C34: Number of agricultural workers in each country | D34: 1991-2020 | E34: Country | F34: https://www.fao.org/faostat/en/#data/OEA | G34: 4
A35: Human pressure (NPP Act / NPP Pot) | B35: Matej et al. 2025 | C35: This shows the human influence on the biomass in Net Primary Production (NPP) in the ecosystem through land use by dividing NPP actual with NPP potential | D35: 1992-2020 | E35: 0.5 arcminute | F35: Matej, S., Weidinger, F., Kaufmann, L. et al. A global land-use data cube 1992–2020 based on the Human Appropriation of Net Primary Production. Sci Data 12, 511 (2025). https://doi.org/10.1038/s41597-025-04788-1 | G35: 4
A36: Other variables? | G36: x | H36: Surface vs groundwater sourced irrigation water? this is available in GMIA
A37: Socio-economic Subsytem | C37: This subsystem consisted of socio-economic variables | D37: - | E37: - | G37: -
A38: GNI | B38: Matti Kummu | C38: Gross National Income shows the values of national income for each country | D38: 1990-2021 | E38: admin 2 | G38: 3
A39: Years of schooling | B39: Matti Kummu | C39: This shows the amount of average years of schooling in the population | D39: 1990-2021 | E39: admin 1 | G39: 3 | H39: all 3 as somewhat proxy datasets
A40: Governance index | B40: Matti Kummu | C40: Governance inis based on World Bank Group (Worldwide Governance Indicators) which shows how good is the governance | D40: 1990-2021 | E40: admin 0 | G40: 3
A41: Other variables? | G41: x

Sheet KD1
A1: VARIABLES | B1: REFERENCE | C1: DESCRIPTION | D1: TIMESCALE | E1: RESOLUTION | F1: DOI | G1: SCORING (1-5, 5 being the most important) | I1: Addtional comments/variables?
A3: PHYSICAL SYSTEM | C3: This system includes variables regarding the physical properties of the environment in the area that is not being influenced by human actions | D3: - | E3: -
A4: Soil Subsystem | C4: This sub system concentrate on variables that are related to the soil | D4: - | E4: -
A5: Soil organic carbon (SOC) | B5: Poggio et al. 2021 | C5: SOC shows the amount of soil organic carbon in each area from 0-60cm of depths | D5: 1960-2020 (mean) | E5: 250 m cellsize ~0.25 arcminute | F5: https://files.isric.org/soilgrids/latest/ | G5: 5
A6: Clay-silt content | B6: Poggio et al. 2021 | C6: Clay-silt shows the combined amount of clay and silt in the soil from 0-60cm depths | D6: 1960-2020 (mean) | E6: 250 m cellsize ~0.25 arcminute | F6: https://files.isric.org/soilgrids/latest/ | G6: 3
A7: Soil plant available phosphorous | B7: McDowell et al. 2023 | C7: Amount of phosphorous that is available for plant to absorb from the soil from 0-20cm depth | D7: 2000-2019 (mean) | E7: 0.5 arcminute | F7: https://figshare.com/articles/dataset/Global_Available_Soil_Phosphorus_Database/14241854 | G7: 3
A8: Evapotranspiration | B8: Zhang et al. 2024 | C8: This shows the amount of evapotranspiration in the area | D8: 1982-2020 | E8: 6 arcminutes | F8: Zhang, K., Chen, H., Ma, N. et al. A global dataset of terrestrial evapotranspiration and soil moisture dynamics from 1982 to 2020. Sci Data 11, 445 (2024). https://doi.org/10.1038/s41597-024-03271-7 | G8: 5
A9: Soil Moisture | B9: Zhang et al. 2024 | C9: Amount of soil moisture throughout the layers along the vertical root distribution | D9: 1982-2020 | E9: 6 arcminutes | F9: Zhang, K., Chen, H., Ma, N. et al. A global dataset of terrestrial evapotranspiration and soil moisture dynamics from 1982 to 2020. Sci Data 11, 445 (2024). https://doi.org/10.1038/s41597-024-03271-7 | G9: 5
A10: Other variables?
A11: Climate Subsystem | C11: This subsystem focus on the climatic variables | D11: - | E11: -
A12: Aridity index | B12: Lu et al. 2025 | C12: Aridity index is used to determine the aridity in the area by looking at, for example, precipitation or evapotranspiration values | D12: 2003-2022 | E12: 3 arcminute | F12: Lu, J., Yao, L., Qin, J., Jiang, H., & Zhou, C. (2025). Global reconstruction of gridded aridity index and its spatial and temporal characterization from 2003 to 2022. International Journal of Digital Earth, 18(1). https://doi.org/10.1080/17538947.2025.2473639 | G12: 5
A13: Precipitation (MSWEP) | B13: Beck et al. 2019 | C13: MSWEP shows the 3 hourly precipitation data from 1979 to 2017 | D13: 1979-2017 (annual mean) | E13: 6 arcminute | F13: Beck, H. E., E. F. Wood, M. Pan, C. K. Fisher, D. G. Miralles, A. I. J. M. van Dijk, T. R. McVicar, and R. F. Adler, 2019: MSWEP V2 Global 3-Hourly 0.1° Precipitation: Methodology and Quantitative Assessment. Bull. Amer. Meteor. Soc., 100, 473–500, https://doi.org/10.1175/BAMS-D-17-0138.1 | G13: 5
A14: Growing degree days | B14: Beck et al. 2022 | C14: This measure the accumulated heat above certain base temperature which can estimate the growth and development of plants and insects | D14: 1979-2025 | E14: 6 arcminute | F14: Beck, H.E. et al. (2022) ‘MSWX: Global 3-Hourly 0.1° Bias-Corrected Meteorological Data Including Near-Real-Time Updates and Forecast Ensembles’. Available at: https://doi.org/10.1175/BAMS-D-21-0145.1. | G14: 5
A15: Drought index (SPEI) | B15: Solomon et al. 2023 | C15: Drought index (SPEI) was calculated from two precipitation and two evapotranspiration datasets | D15: 1981-2022 | E15: 5km gridded ~2.5 arcminute | F15: Gebrechorkos, S. H., Peng, J., Dyer, E., Miralles, D. G., Vicente-Serrano, S. M., Funk, C., Beck, H. E., Asfaw, D. T., Singer, M. B., and Dadson, S. J.: Global high-resolution drought indices for 1981–2022, Earth Syst. Sci. Data, 15, 5449–5466, https://doi.org/10.5194/essd-15-5449-2023 | G15: 3
A16: Warm spell duration index (WSDI) | B16: Beck et al. 2022 | C16: This indicator shows the amount of conscutive days that the temperature is high (drought). | D16: 1979-2025 | E16: 6 arcminute | F16: Beck, H.E. et al. (2022) ‘MSWX: Global 3-Hourly 0.1° Bias-Corrected Meteorological Data Including Near-Real-Time Updates and Forecast Ensembles’. Available at: https://doi.org/10.1175/BAMS-D-21-0145.1. | G16: 2
A17: Other variables? | G17: Renewable water availability
A18: Crop-field Subsystem | C18: Crop-field system is currently considered to be between the two main systems (Physical and Human). This system focuses on the variables that are related to crop species | D18: - | E18: -
A19: Diversity of crops | B19: Sara Heikonen / Heikonen et al. 2025 | C19: Diversity of crops (30 major food crop types based on SPAM crops) | D19: 1990-2020 | E19: 5 arcminute | F19: https://mapspam.info/data/ | G19: 5
A20: Fraction of cropland per total land area | B20: Matej et al. 2025 | C20: This variable captures the intensity of the cropland in each area by calculating the fraction of actual cropland in the cropland area | D20: 1992-2020 | E20: 0.5 arcminute | F20: https://mapspam.info/data/ | G20: 5
A21: Kilo-calories produced from crops (from SPAM) | B21: SPAM 2000, SPAM 2005, SPAM 2010, SPAM 2020 | C21: Shows the amount of kilo-calories being produced from SPAM crops classes | D21: 2000-2020 | E21: 5 arcminute | F21: https://mapspam.info/data/ | G21: 2
A22: Harvested crop products (HANPP) | B22: Matej et al. 2025 | C22: Shows the amount of mass of carbon being harvested from 22 crop classes | D22: 1992-2020 | E22: 0.5 arcminute | F22: Matej, S., Weidinger, F., Kaufmann, L. et al. A global land-use data cube 1992–2020 based on the Human Appropriation of Net Primary Production. Sci Data 12, 511 (2025). https://doi.org/10.1038/s41597-025-04788-1 | G22: 2
A23: Potential Net primary production (NPP Pot) | B23: Matej et al. 2025 | C23: Potential biomass that is available in each area from agriculture and forestry. | D23: 1992-2020 | E23: 0.5 arcminute | F23: Matej, S., Weidinger, F., Kaufmann, L. et al. A global land-use data cube 1992–2020 based on the Human Appropriation of Net Primary Production. Sci Data 12, 511 (2025). https://doi.org/10.1038/s41597-025-04788-1 | G23: 3
A24: Greenhouse gas emissions from cropland | B24: Cao et al. 2025 (Preprint) | C24: Emission of carbon dioxide, methane, and nitrous oxide from 46 crops circa 2020 | D24: 2020 | E24: 5 arcminute | F24: https://doi.org/10.21203/rs.3.rs-6622054/v1 | G24: 5
A25: Other variables? | G25: Crop-specific yield (irrig./rainfed); crop-specific harvested area (irrig./rainfed)
A27: HUMAN SYSTEM | C27: Human system includes the effect from human towards the crop production system including practices that human has used to influence the crop production as well as the socio-economic variables that affect agriculture workers or policies | D27: - | E27: -
A28: Management Subsystem | C28: This subsystem includes variables that is related to management | D28: - | E28: -
A29: Field size | B29: Lesiv et al. 2019 | C29: Field size shows the categorial data of field size from 1-5 | D29: 2017 | E29: ~0.3 arcminute | F29: https://pure.iiasa.ac.at/id/eprint/15526/ | G29: 4
A30: Pesticide application rate | B30: Maggi et al. 2019 | C30: Application rate of pesticide per each crop | D30: 2015-2025 | E30: 5 arcminute | F30: https://figshare.com/articles/dataset/PEST-CHEMGRIDS_v1/7764014/5 | G30: 4
A31: N fertilizer application rate | B31: Adalibieke et al. 2023 | C31: This shows the N fertilizer application rate for each crop | D31: 1961-2020 | E31: 5 arcminute | F31: https://data.tpdc.ac.cn/en/data/1e31ad1f-5904-4b49-8796-b379c37e7dba | G31: 5
A32: Fraction of irrigated cropland | B32: Kebede et al. 2025 | C32: Fraction of irrigated cropland with the total cropland area in each grid | D32: 2000-2015 | E32: 5 arcminute | F32: https://doi.org/10.1038/s41597-024-04313-w | G32: 5
A33: Machinery | B33: USDA 2023 | C33: Amount of machinery used in 1000 horsepower (CV) in metric unit per 100 hectares of cropland in each country | D33: 1961-2020 | E33: Country | F33: October 2024 update has remove the data | G33: 5
A34: Agricultural workers | B34: FAO 2023 | C34: Number of agricultural workers in each country | D34: 1991-2020 | E34: Country | F34: https://www.fao.org/faostat/en/#data/OEA | G34: 5
A35: Human pressure (NPP Act / NPP Pot) | B35: Matej et al. 2025 | C35: This shows the human influence on the biomass in Net Primary Production (NPP) in the ecosystem through land use by dividing NPP actual with NPP potential | D35: 1992-2020 | E35: 0.5 arcminute | F35: Matej, S., Weidinger, F., Kaufmann, L. et al. A global land-use data cube 1992–2020 based on the Human Appropriation of Net Primary Production. Sci Data 12, 511 (2025). https://doi.org/10.1038/s41597-025-04788-1 | G35: 3
A36: Other variables? | G36: Blue and green crop water requirements
A37: Socio-economic Subsytem | C37: This subsystem consisted of socio-economic variables | D37: - | E37: -
A38: GNI | B38: Matti Kummu | C38: Gross National Income shows the values of national income for each country | D38: 1990-2021 | E38: admin 2 | G38: 3
A39: Years of schooling | B39: Matti Kummu | C39: This shows the amount of average years of schooling in the population | D39: 1990-2021 | E39: admin 1 | G39: 5
A40: Governance index | B40: Matti Kummu | C40: Governance inis based on World Bank Group (Worldwide Governance Indicators) which shows how good is the governance | D40: 1990-2021 | E40: admin 0 | G40: 3
A41: Other variables?

Sheet DG1
A1: VARIABLES | B1: REFERENCE | C1: DESCRIPTION | D1: TIMESCALE | E1: RESOLUTION | F1: DOI | G1: SCORING (1-5, 5 being the most important) | I1: Addtional comments/variables?
A3: PHYSICAL SYSTEM | C3: This system includes variables regarding the physical properties of the environment in the area that is not being influenced by human actions | D3: - | E3: - | G3: -
A4: Soil Subsystem | C4: This sub system concentrate on variables that are related to the soil | D4: - | E4: - | G4: -
A5: Soil organic carbon (SOC) | B5: Poggio et al. 2021 | C5: SOC shows the amount of soil organic carbon in each area from 0-60cm of depths | D5: 1960-2020 (mean) | E5: 250 m cellsize ~0.25 arcminute | F5: https://files.isric.org/soilgrids/latest/ | G5: 3
A6: Clay-silt content | B6: Poggio et al. 2021 | C6: Clay-silt shows the combined amount of clay and silt in the soil from 0-60cm depths | D6: 1960-2020 (mean) | E6: 250 m cellsize ~0.25 arcminute | F6: https://files.isric.org/soilgrids/latest/ | G6: 2
A7: Soil plant available phosphorous | B7: McDowell et al. 2023 | C7: Amount of phosphorous that is available for plant to absorb from the soil from 0-20cm depth | D7: 2000-2019 (mean) | E7: 0.5 arcminute | F7: https://figshare.com/articles/dataset/Global_Available_Soil_Phosphorus_Database/14241854 | G7: 4
A8: Evapotranspiration | B8: Zhang et al. 2024 | C8: This shows the amount of evapotranspiration in the area | D8: 1982-2020 | E8: 6 arcminutes | F8: Zhang, K., Chen, H., Ma, N. et al. A global dataset of terrestrial evapotranspiration and soil moisture dynamics from 1982 to 2020. Sci Data 11, 445 (2024). https://doi.org/10.1038/s41597-024-03271-7 | G8: 3 | H8: (*potential* evapotranspiration would get a high score)
A9: Soil Moisture | B9: Zhang et al. 2024 | C9: Amount of soil moisture throughout the layers along the vertical root distribution | D9: 1982-2020 | E9: 6 arcminutes | F9: Zhang, K., Chen, H., Ma, N. et al. A global dataset of terrestrial evapotranspiration and soil moisture dynamics from 1982 to 2020. Sci Data 11, 445 (2024). https://doi.org/10.1038/s41597-024-03271-7 | G9: 5
A10: Other variables? | G10: x
A11: Climate Subsystem | C11: This subsystem focus on the climatic variables | D11: - | E11: - | G11: -
A12: Aridity index | B12: Lu et al. 2025 | C12: Aridity index is used to determine the aridity in the area by looking at, for example, precipitation or evapotranspiration values | D12: 2003-2022 | E12: 3 arcminute | F12: Lu, J., Yao, L., Qin, J., Jiang, H., & Zhou, C. (2025). Global reconstruction of gridded aridity index and its spatial and temporal characterization from 2003 to 2022. International Journal of Digital Earth, 18(1). https://doi.org/10.1080/17538947.2025.2473639 | G12: 3
A13: Precipitation (MSWEP) | B13: Beck et al. 2019 | C13: MSWEP shows the 3 hourly precipitation data from 1979 to 2017 | D13: 1979-2017 (annual mean) | E13: 6 arcminute | F13: Beck, H. E., E. F. Wood, M. Pan, C. K. Fisher, D. G. Miralles, A. I. J. M. van Dijk, T. R. McVicar, and R. F. Adler, 2019: MSWEP V2 Global 3-Hourly 0.1° Precipitation: Methodology and Quantitative Assessment. Bull. Amer. Meteor. Soc., 100, 473–500, https://doi.org/10.1175/BAMS-D-17-0138.1 | G13: 5
A14: Growing degree days | B14: Beck et al. 2022 | C14: This measure the accumulated heat above certain base temperature which can estimate the growth and development of plants and insects | D14: 1979-2025 | E14: 6 arcminute | F14: Beck, H.E. et al. (2022) ‘MSWX: Global 3-Hourly 0.1° Bias-Corrected Meteorological Data Including Near-Real-Time Updates and Forecast Ensembles’. Available at: https://doi.org/10.1175/BAMS-D-21-0145.1. | G14: 4
A15: Drought index (SPEI) | B15: Solomon et al. 2023 | C15: Drought index (SPEI) was calculated from two precipitation and two evapotranspiration datasets | D15: 1981-2022 | E15: 5km gridded ~2.5 arcminute | F15: Gebrechorkos, S. H., Peng, J., Dyer, E., Miralles, D. G., Vicente-Serrano, S. M., Funk, C., Beck, H. E., Asfaw, D. T., Singer, M. B., and Dadson, S. J.: Global high-resolution drought indices for 1981–2022, Earth Syst. Sci. Data, 15, 5449–5466, https://doi.org/10.5194/essd-15-5449-2023 | G15: 4
A16: Warm spell duration index (WSDI) | B16: Beck et al. 2022 | C16: This indicator shows the amount of conscutive days that the temperature is high (drought). | D16: 1979-2025 | E16: 6 arcminute | F16: Beck, H.E. et al. (2022) ‘MSWX: Global 3-Hourly 0.1° Bias-Corrected Meteorological Data Including Near-Real-Time Updates and Forecast Ensembles’. Available at: https://doi.org/10.1175/BAMS-D-21-0145.1. | G16: 4
A17: Other variables? | G17: x
A18: Crop-field Subsystem | C18: Crop-field system is currently considered to be between the two main systems (Physical and Human). This system focuses on the variables that are related to crop species | D18: - | E18: - | G18: -
A19: Diversity of crops | B19: Sara Heikonen / Heikonen et al. 2025 | C19: Diversity of crops (30 major food crop types based on SPAM crops) | D19: 1990-2020 | E19: 5 arcminute | F19: https://mapspam.info/data/ | G19: 3
A20: Fraction of cropland per total land area | B20: Matej et al. 2025 | C20: This variable captures the intensity of the cropland in each area by calculating the fraction of actual cropland in the cropland area | D20: 1992-2020 | E20: 0.5 arcminute | F20: https://mapspam.info/data/ | G20: 2
A21: Kilo-calories produced from crops (from SPAM) | B21: SPAM 2000, SPAM 2005, SPAM 2010, SPAM 2020 | C21: Shows the amount of kilo-calories being produced from SPAM crops classes | D21: 2000-2020 | E21: 5 arcminute | F21: https://mapspam.info/data/ | G21: 4
A22: Harvested crop products (HANPP) | B22: Matej et al. 2025 | C22: Shows the amount of mass of carbon being harvested from 22 crop classes | D22: 1992-2020 | E22: 0.5 arcminute | F22: Matej, S., Weidinger, F., Kaufmann, L. et al. A global land-use data cube 1992–2020 based on the Human Appropriation of Net Primary Production. Sci Data 12, 511 (2025). https://doi.org/10.1038/s41597-025-04788-1 | G22: 4
A23: Potential Net primary production (NPP Pot) | B23: Matej et al. 2025 | C23: Potential biomass that is available in each area from agriculture and forestry. | D23: 1992-2020 | E23: 0.5 arcminute | F23: Matej, S., Weidinger, F., Kaufmann, L. et al. A global land-use data cube 1992–2020 based on the Human Appropriation of Net Primary Production. Sci Data 12, 511 (2025). https://doi.org/10.1038/s41597-025-04788-1 | G23: 3
A24: Greenhouse gas emissions from cropland | B24: Cao et al. 2025 (Preprint) | C24: Emission of carbon dioxide, methane, and nitrous oxide from 46 crops circa 2020 | D24: 2020 | E24: 5 arcminute | F24: https://doi.org/10.21203/rs.3.rs-6622054/v1 | G24: 4
A25: Other variables?
G26: -
A27: HUMAN SYSTEM | C27: Human system includes the effect from human towards the crop production system including practices that human has used to influence the crop production as well as the socio-economic variables that affect agriculture workers or policies | D27: - | E27: - | G27: -
A28: Management Subsystem | C28: This subsystem includes variables that is related to management | D28: - | E28: - | G28: -
A29: Field size | B29: Lesiv et al. 2019 | C29: Field size shows the categorial data of field size from 1-5 | D29: 2017 | E29: ~0.3 arcminute | F29: https://pure.iiasa.ac.at/id/eprint/15526/ | G29: 3
A30: Pesticide application rate | B30: Maggi et al. 2019 | C30: Application rate of pesticide per each crop | D30: 2015-2025 | E30: 5 arcminute | F30: https://figshare.com/articles/dataset/PEST-CHEMGRIDS_v1/7764014/5 | G30: 4
A31: N fertilizer application rate | B31: Adalibieke et al. 2023 | C31: This shows the N fertilizer application rate for each crop | D31: 1961-2020 | E31: 5 arcminute | F31: https://data.tpdc.ac.cn/en/data/1e31ad1f-5904-4b49-8796-b379c37e7dba | G31: 4
A32: Fraction of irrigated cropland | B32: Kebede et al. 2025 | C32: Fraction of irrigated cropland with the total cropland area in each grid | D32: 2000-2015 | E32: 5 arcminute | F32: https://doi.org/10.1038/s41597-024-04313-w | G32: 4
A33: Machinery | B33: USDA 2023 | C33: Amount of machinery used in 1000 horsepower (CV) in metric unit per 100 hectares of cropland in each country | D33: 1961-2020 | E33: Country | F33: October 2024 update has remove the data | G33: 2
A34: Agricultural workers | B34: FAO 2023 | C34: Number of agricultural workers in each country | D34: 1991-2020 | E34: Country | F34: https://www.fao.org/faostat/en/#data/OEA | G34: 3
A35: Human pressure (NPP Act / NPP Pot) | B35: Matej et al. 2025 | C35: This shows the human influence on the biomass in Net Primary Production (NPP) in the ecosystem through land use by dividing NPP actual with NPP potential | D35: 1992-2020 | E35: 0.5 arcminute | F35: Matej, S., Weidinger, F., Kaufmann, L. et al. A global land-use data cube 1992–2020 based on the Human Appropriation of Net Primary Production. Sci Data 12, 511 (2025). https://doi.org/10.1038/s41597-025-04788-1 | G35: 2
A36: Other variables? | G36: x
A37: Socio-economic Subsytem | C37: This subsystem consisted of socio-economic variables | D37: - | E37: - | G37: -
A38: GNI | B38: Matti Kummu | C38: Gross National Income shows the values of national income for each country | D38: 1990-2021 | E38: admin 2 | G38: 4
A39: Years of schooling | B39: Matti Kummu | C39: This shows the amount of average years of schooling in the population | D39: 1990-2021 | E39: admin 1 | G39: 3
A40: Governance index | B40: Matti Kummu | C40: Governance inis based on World Bank Group (Worldwide Governance Indicators) which shows how good is the governance | D40: 1990-2021 | E40: admin 0 | G40: 4
A41: Other variables? | G41: x

Sheet SG1
A1: VARIABLES | B1: REFERENCE | C1: DESCRIPTION | D1: TIMESCALE | E1: RESOLUTION | F1: DOI | G1: SCORING (1-5, 5 being the most important) | I1: Addtional comments/variables?
G2: Simone Gingrich
A3: PHYSICAL SYSTEM | C3: This system includes variables regarding the physical properties of the environment in the area that is not being influenced by human actions | D3: - | E3: - | G3: -
A4: Soil Subsystem | C4: This sub system concentrate on variables that are related to the soil | D4: - | E4: - | G4: -
A5: Soil organic carbon (SOC) | B5: Poggio et al. 2021 | C5: SOC shows the amount of soil organic carbon in each area from 0-60cm of depths | D5: 1960-2020 (mean) | E5: 250 m cellsize ~0.25 arcminute | F5: https://files.isric.org/soilgrids/latest/ | G5: 3
A6: Clay-silt content | B6: Poggio et al. 2021 | C6: Clay-silt shows the combined amount of clay and silt in the soil from 0-60cm depths | D6: 1960-2020 (mean) | E6: 250 m cellsize ~0.25 arcminute | F6: https://files.isric.org/soilgrids/latest/ | G6: 2
A7: Soil plant available phosphorous | B7: McDowell et al. 2023 | C7: Amount of phosphorous that is available for plant to absorb from the soil from 0-20cm depth | D7: 2000-2019 (mean) | E7: 0.5 arcminute | F7: https://figshare.com/articles/dataset/Global_Available_Soil_Phosphorus_Database/14241854 | G7: 3
A8: Evapotranspiration | B8: Zhang et al. 2024 | C8: This shows the amount of evapotranspiration in the area | D8: 1982-2020 | E8: 6 arcminutes | F8: Zhang, K., Chen, H., Ma, N. et al. A global dataset of terrestrial evapotranspiration and soil moisture dynamics from 1982 to 2020. Sci Data 11, 445 (2024). https://doi.org/10.1038/s41597-024-03271-7 | G8: 5
A9: Soil Moisture | B9: Zhang et al. 2024 | C9: Amount of soil moisture throughout the layers along the vertical root distribution | D9: 1982-2020 | E9: 6 arcminutes | F9: Zhang, K., Chen, H., Ma, N. et al. A global dataset of terrestrial evapotranspiration and soil moisture dynamics from 1982 to 2020. Sci Data 11, 445 (2024). https://doi.org/10.1038/s41597-024-03271-7 | G9: 4
A10: Other variables? | G10: x
A11: Climate Subsystem | C11: This subsystem focus on the climatic variables | D11: - | E11: - | G11: -
A12: Aridity index | B12: Lu et al. 2025 | C12: Aridity index is used to determine the aridity in the area by looking at, for example, precipitation or evapotranspiration values | D12: 2003-2022 | E12: 3 arcminute | F12: Lu, J., Yao, L., Qin, J., Jiang, H., & Zhou, C. (2025). Global reconstruction of gridded aridity index and its spatial and temporal characterization from 2003 to 2022. International Journal of Digital Earth, 18(1). https://doi.org/10.1080/17538947.2025.2473639 | G12: 4
A13: Precipitation (MSWEP) | B13: Beck et al. 2019 | C13: MSWEP shows the 3 hourly precipitation data from 1979 to 2017 | D13: 1979-2017 (annual mean) | E13: 6 arcminute | F13: Beck, H. E., E. F. Wood, M. Pan, C. K. Fisher, D. G. Miralles, A. I. J. M. van Dijk, T. R. McVicar, and R. F. Adler, 2019: MSWEP V2 Global 3-Hourly 0.1° Precipitation: Methodology and Quantitative Assessment. Bull. Amer. Meteor. Soc., 100, 473–500, https://doi.org/10.1175/BAMS-D-17-0138.1 | G13: 3
A14: Growing degree days | B14: Beck et al. 2022 | C14: This measure the accumulated heat above certain base temperature which can estimate the growth and development of plants and insects | D14: 1979-2025 | E14: 6 arcminute | F14: Beck, H.E. et al. (2022) ‘MSWX: Global 3-Hourly 0.1° Bias-Corrected Meteorological Data Including Near-Real-Time Updates and Forecast Ensembles’. Available at: https://doi.org/10.1175/BAMS-D-21-0145.1. | G14: 4
A15: Drought index (SPEI) | B15: Solomon et al. 2023 | C15: Drought index (SPEI) was calculated from two precipitation and two evapotranspiration datasets | D15: 1981-2022 | E15: 5km gridded ~2.5 arcminute | F15: Gebrechorkos, S. H., Peng, J., Dyer, E., Miralles, D. G., Vicente-Serrano, S. M., Funk, C., Beck, H. E., Asfaw, D. T., Singer, M. B., and Dadson, S. J.: Global high-resolution drought indices for 1981–2022, Earth Syst. Sci. Data, 15, 5449–5466, https://doi.org/10.5194/essd-15-5449-2023 | G15: 3
A16: Warm spell duration index (WSDI) | B16: Beck et al. 2022 | C16: This indicator shows the amount of conscutive days that the temperature is high (drought). | D16: 1979-2025 | E16: 6 arcminute | F16: Beck, H.E. et al. (2022) ‘MSWX: Global 3-Hourly 0.1° Bias-Corrected Meteorological Data Including Near-Real-Time Updates and Forecast Ensembles’. Available at: https://doi.org/10.1175/BAMS-D-21-0145.1. | G16: 1
A17: Other variables? | G17: x | I17: SG: I would add potential NPP here instead of in the cropping system. It describes natural conditions, rather than management
A18: Crop-field Subsystem | C18: Crop-field system is currently considered to be between the two main systems (Physical and Human). This system focuses on the variables that are related to crop species | D18: - | E18: - | G18: -
A19: Diversity of crops | B19: Sara Heikonen / Heikonen et al. 2025 | C19: Diversity of crops (30 major food crop types based on SPAM crops) | D19: 1990-2020 | E19: 5 arcminute | F19: https://mapspam.info/data/ | G19: 4
A20: Fraction of cropland per total land area | B20: Matej et al. 2025 | C20: This variable captures the intensity of the cropland in each area by calculating the fraction of actual cropland in the cropland area | D20: 1992-2020 | E20: 0.5 arcminute | F20: https://mapspam.info/data/ | G20: 4
A21: Kilo-calories produced from crops (from SPAM) | B21: SPAM 2000, SPAM 2005, SPAM 2010, SPAM 2020 | C21: Shows the amount of kilo-calories being produced from SPAM crops classes | D21: 2000-2020 | E21: 5 arcminute | F21: https://mapspam.info/data/ | G21: 4 | I21: SG: there is some overlap between lines 19, 21 and 22 - I find them all relevant though.
A22: Harvested crop products (HANPP) | B22: Matej et al. 2025 | C22: Shows the amount of mass of carbon being harvested from 22 crop classes | D22: 1992-2020 | E22: 0.5 arcminute | F22: Matej, S., Weidinger, F., Kaufmann, L. et al. A global land-use data cube 1992–2020 based on the Human Appropriation of Net Primary Production. Sci Data 12, 511 (2025). https://doi.org/10.1038/s41597-025-04788-1 | G22: 5 | I22: SG: harvested crop products is not HANPP but HANPPharv.
A23: Potential Net primary production (NPP Pot) | B23: Matej et al. 2025 | C23: Potential biomass that is available in each area from agriculture and forestry. | D23: 1992-2020 | E23: 0.5 arcminute | F23: Matej, S., Weidinger, F., Kaufmann, L. et al. A global land-use data cube 1992–2020 based on the Human Appropriation of Net Primary Production. Sci Data 12, 511 (2025). https://doi.org/10.1038/s41597-025-04788-1 | G23: x | I23: SG: should go to climate system
A24: Greenhouse gas emissions from cropland | B24: Cao et al. 2025 (Preprint) | C24: Emission of carbon dioxide, methane, and nitrous oxide from 46 crops circa 2020 | D24: 2020 | E24: 5 arcminute | F24: https://doi.org/10.21203/rs.3.rs-6622054/v1 | G24: 3
A25: Other variables? | I25: SG: how about: dominant crop? Similarly, something on livestock (e.g., number of livestock units per unit cropland). Finally (but not sure how easy this might be to obtain/develop): something on trees on cropland to identify agroforestry, and biomass C stocks on croplands?
G26: -
A27: HUMAN SYSTEM | C27: Human system includes the effect from human towards the crop production system including practices that human has used to influence the crop production as well as the socio-economic variables that affect agriculture workers or policies | D27: - | E27: - | G27: -
A28: Management Subsystem | C28: This subsystem includes variables that is related to management | D28: - | E28: - | G28: -
A29: Field size | B29: Lesiv et al. 2019 | C29: Field size shows the categorial data of field size from 1-5 | D29: 2017 | E29: ~0.3 arcminute | F29: https://pure.iiasa.ac.at/id/eprint/15526/ | G29: 4
A30: Pesticide application rate | B30: Maggi et al. 2019 | C30: Application rate of pesticide per each crop | D30: 2015-2025 | E30: 5 arcminute | F30: https://figshare.com/articles/dataset/PEST-CHEMGRIDS_v1/7764014/5 | G30: 5
A31: N fertilizer application rate | B31: Adalibieke et al. 2023 | C31: This shows the N fertilizer application rate for each crop | D31: 1961-2020 | E31: 5 arcminute | F31: https://data.tpdc.ac.cn/en/data/1e31ad1f-5904-4b49-8796-b379c37e7dba | G31: 5
A32: Fraction of irrigated cropland | B32: Kebede et al. 2025 | C32: Fraction of irrigated cropland with the total cropland area in each grid | D32: 2000-2015 | E32: 5 arcminute | F32: https://doi.org/10.1038/s41597-024-04313-w | G32: 5
A33: Machinery | B33: USDA 2023 | C33: Amount of machinery used in 1000 horsepower (CV) in metric unit per 100 hectares of cropland in each country | D33: 1961-2020 | E33: Country | F33: October 2024 update has remove the data | G33: 5
A34: Agricultural workers | B34: FAO 2023 | C34: Number of agricultural workers in each country | D34: 1991-2020 | E34: Country | F34: https://www.fao.org/faostat/en/#data/OEA | G34: 4
A35: Human pressure (NPP Act / NPP Pot) | B35: Matej et al. 2025 | C35: This shows the human influence on the biomass in Net Primary Production (NPP) in the ecosystem through land use by dividing NPP actual with NPP potential | D35: 1992-2020 | E35: 0.5 arcminute | F35: Matej, S., Weidinger, F., Kaufmann, L. et al. A global land-use data cube 1992–2020 based on the Human Appropriation of Net Primary Production. Sci Data 12, 511 (2025). https://doi.org/10.1038/s41597-025-04788-1 | G35: 3
A36: Other variables? | G36: x
A37: Socio-economic Subsytem | C37: This subsystem consisted of socio-economic variables | D37: - | E37: - | G37: -
A38: GNI | B38: Matti Kummu | C38: Gross National Income shows the values of national income for each country | D38: 1990-2021 | E38: admin 2 | G38: 3
A39: Years of schooling | B39: Matti Kummu | C39: This shows the amount of average years of schooling in the population | D39: 1990-2021 | E39: admin 1 | G39: 2
A40: Governance index | B40: Matti Kummu | C40: Governance inis based on World Bank Group (Worldwide Governance Indicators) which shows how good is the governance | D40: 1990-2021 | E40: admin 0 | G40: 1
A41: Other variables? | G41: x

Sheet CM1
A1: VARIABLES | B1: REFERENCE | C1: DESCRIPTION | D1: TIMESCALE | E1: RESOLUTION | F1: DOI | G1: SCORING (1-5, 5 being the most important) | I1: Addtional comments/variables?
G2: crop production perspective | H2: sustainability perspective
A3: PHYSICAL SYSTEM | C3: This system includes variables regarding the physical properties of the environment in the area that is not being influenced by human actions | D3: - | E3: - | G3: -
A4: Soil Subsystem | C4: This sub system concentrate on variables that are related to the soil | D4: - | E4: - | G4: -
A5: Soil organic carbon (SOC) | B5: Poggio et al. 2021 | C5: SOC shows the amount of soil organic carbon in each area from 0-60cm of depths | D5: 1960-2020 (mean) | E5: 250 m cellsize ~0.25 arcminute | F5: https://files.isric.org/soilgrids/latest/ | G5: 3 | H5: 5 | I5: proxy for fertility, overlap with N, P, water holding capacity for crop modeling, indicator for soil health for sustainability
A6: Clay-silt content | B6: Poggio et al. 2021 | C6: Clay-silt shows the combined amount of clay and silt in the soil from 0-60cm depths | D6: 1960-2020 (mean) | E6: 250 m cellsize ~0.25 arcminute | F6: https://files.isric.org/soilgrids/latest/ | G6: 3 | H6: 2 | I6: driver of water holding capacity
A7: Soil plant available phosphorous | B7: McDowell et al. 2023 | C7: Amount of phosphorous that is available for plant to absorb from the soil from 0-20cm depth | D7: 2000-2019 (mean) | E7: 0.5 arcminute | F7: https://figshare.com/articles/dataset/Global_Available_Soil_Phosphorus_Database/14241854 | G7: 4 | H7: 2 | I7: P is also heavily fertilized if needed, so not a constraint in systems with access to inputs. Soil characteristics that immobilize P would be more interesting
A8: Evapotranspiration | B8: Zhang et al. 2024 | C8: This shows the amount of evapotranspiration in the area | D8: 1982-2020 | E8: 6 arcminutes | F8: Zhang, K., Chen, H., Ma, N. et al. A global dataset of terrestrial evapotranspiration and soil moisture dynamics from 1982 to 2020. Sci Data 11, 445 (2024). https://doi.org/10.1038/s41597-024-03271-7 | G8: 5 | H8: 5 | I8: I assume this is some kind of reference ET? It of course depends on the management
A9: Soil Moisture | B9: Zhang et al. 2024 | C9: Amount of soil moisture throughout the layers along the vertical root distribution | D9: 1982-2020 | E9: 6 arcminutes | F9: Zhang, K., Chen, H., Ma, N. et al. A global dataset of terrestrial evapotranspiration and soil moisture dynamics from 1982 to 2020. Sci Data 11, 445 (2024). https://doi.org/10.1038/s41597-024-03271-7 | G9: 5 | H9: 3 | I9: this is something very dynamic and a function of management
A10: Other variables? | G10: x | I10: if you include P availabitity, why not N availability?
A11: Climate Subsystem | C11: This subsystem focus on the climatic variables | D11: - | E11: - | G11: -
A12: Aridity index | B12: Lu et al. 2025 | C12: Aridity index is used to determine the aridity in the area by looking at, for example, precipitation or evapotranspiration values | D12: 2003-2022 | E12: 3 arcminute | F12: Lu, J., Yao, L., Qin, J., Jiang, H., & Zhou, C. (2025). Global reconstruction of gridded aridity index and its spatial and temporal characterization from 2003 to 2022. International Journal of Digital Earth, 18(1). https://doi.org/10.1080/17538947.2025.2473639 | G12: 3 | H12: 3 | I12: overlap with soil moisture?
A13: Precipitation (MSWEP) | B13: Beck et al. 2019 | C13: MSWEP shows the 3 hourly precipitation data from 1979 to 2017 | D13: 1979-2017 (annual mean) | E13: 6 arcminute | F13: Beck, H. E., E. F. Wood, M. Pan, C. K. Fisher, D. G. Miralles, A. I. J. M. van Dijk, T. R. McVicar, and R. F. Adler, 2019: MSWEP V2 Global 3-Hourly 0.1° Precipitation: Methodology and Quantitative Assessment. Bull. Amer. Meteor. Soc., 100, 473–500, https://doi.org/10.1175/BAMS-D-17-0138.1 | G13: 5 | H13: 3 | I13: annual means may not be too meaningful. It would allow for "wettest 3 consecutive months" and "wettest 3 consecutive month in rest 9"
A14: Growing degree days | B14: Beck et al. 2022 | C14: This measure the accumulated heat above certain base temperature which can estimate the growth and development of plants and insects | D14: 1979-2025 | E14: 6 arcminute | F14: Beck, H.E. et al. (2022) ‘MSWX: Global 3-Hourly 0.1° Bias-Corrected Meteorological Data Including Near-Real-Time Updates and Forecast Ensembles’. Available at: https://doi.org/10.1175/BAMS-D-21-0145.1. | G14: 5 | H14: 3
A15: Drought index (SPEI) | B15: Solomon et al. 2023 | C15: Drought index (SPEI) was calculated from two precipitation and two evapotranspiration datasets | D15: 1981-2022 | E15: 5km gridded ~2.5 arcminute | F15: Gebrechorkos, S. H., Peng, J., Dyer, E., Miralles, D. G., Vicente-Serrano, S. M., Funk, C., Beck, H. E., Asfaw, D. T., Singer, M. B., and Dadson, S. J.: Global high-resolution drought indices for 1981–2022, Earth Syst. Sci. Data, 15, 5449–5466, https://doi.org/10.5194/essd-15-5449-2023 | G15: 3 | H15: 3 | I15: not interesting at the annual scale. More interesting would be a return interval of droughts during the growing season
A16: Warm spell duration index (WSDI) | B16: Beck et al. 2022 | C16: This indicator shows the amount of conscutive days that the temperature is high (drought). | D16: 1979-2025 | E16: 6 arcminute | F16: Beck, H.E. et al. (2022) ‘MSWX: Global 3-Hourly 0.1° Bias-Corrected Meteorological Data Including Near-Real-Time Updates and Forecast Ensembles’. Available at: https://doi.org/10.1175/BAMS-D-21-0145.1. | G16: 3 | H16: 3 | I16: same here. Interesting only, if overlaps with growing season or if expressed as a return period during the growing season
A17: Other variables? | G17: x
A18: Crop-field Subsystem | C18: Crop-field system is currently considered to be between the two main systems (Physical and Human). This system focuses on the variables that are related to crop species | D18: - | E18: - | G18: -
A19: Diversity of crops | B19: Sara Heikonen / Heikonen et al. 2025 | C19: Diversity of crops (30 major food crop types based on SPAM crops) | D19: 1990-2020 | E19: 5 arcminute | F19: https://mapspam.info/data/ | G19: 2 | H19: 5 | I19: proxy maybe for making use of ecosystem services in agriculture, resilience etc. No direct relevancy for crop production if not part of an integrated management system
A20: Fraction of cropland per total land area | B20: Matej et al. 2025 | C20: This variable captures the intensity of the cropland in each area by calculating the fraction of actual cropland in the cropland area | D20: 1992-2020 | E20: 0.5 arcminute | F20: https://mapspam.info/data/ | G20: 1 | H20: 4
A21: Kilo-calories produced from crops (from SPAM) | B21: SPAM 2000, SPAM 2005, SPAM 2010, SPAM 2020 | C21: Shows the amount of kilo-calories being produced from SPAM crops classes | D21: 2000-2020 | E21: 5 arcminute | F21: https://mapspam.info/data/ | G21: 1 | H21: 4 | I21: indicator for fertility (with other such as SOC) or intensity pressure
A22: Harvested crop products (HANPP) | B22: Matej et al. 2025 | C22: Shows the amount of mass of carbon being harvested from 22 crop classes | D22: 1992-2020 | E22: 0.5 arcminute | F22: Matej, S., Weidinger, F., Kaufmann, L. et al. A global land-use data cube 1992–2020 based on the Human Appropriation of Net Primary Production. Sci Data 12, 511 (2025). https://doi.org/10.1038/s41597-025-04788-1 | G22: 1 | H22: 4
A23: Potential Net primary production (NPP Pot) | B23: Matej et al. 2025 | C23: Potential biomass that is available in each area from agriculture and forestry. | D23: 1992-2020 | E23: 0.5 arcminute | F23: Matej, S., Weidinger, F., Kaufmann, L. et al. A global land-use data cube 1992–2020 based on the Human Appropriation of Net Primary Production. Sci Data 12, 511 (2025). https://doi.org/10.1038/s41597-025-04788-1 | G23: 1 | H23: 4
A24: Greenhouse gas emissions from cropland | B24: Cao et al. 2025 (Preprint) | C24: Emission of carbon dioxide, methane, and nitrous oxide from 46 crops circa 2020 | D24: 2020 | E24: 5 arcminute | F24: https://doi.org/10.21203/rs.3.rs-6622054/v1 | G24: 1 | H24: 5
A25: Other variables?
G26: -
A27: HUMAN SYSTEM | C27: Human system includes the effect from human towards the crop production system including practices that human has used to influence the crop production as well as the socio-economic variables that affect agriculture workers or policies | D27: - | E27: - | G27: -
A28: Management Subsystem | C28: This subsystem includes variables that is related to management | D28: - | E28: - | G28: -
A29: Field size | B29: Lesiv et al. 2019 | C29: Field size shows the categorial data of field size from 1-5 | D29: 2017 | E29: ~0.3 arcminute | F29: https://pure.iiasa.ac.at/id/eprint/15526/ | G29: 1 | H29: 3
A30: Pesticide application rate | B30: Maggi et al. 2019 | C30: Application rate of pesticide per each crop | D30: 2015-2025 | E30: 5 arcminute | F30: https://figshare.com/articles/dataset/PEST-CHEMGRIDS_v1/7764014/5 | G30: 4 | H30: 5
A31: N fertilizer application rate | B31: Adalibieke et al. 2023 | C31: This shows the N fertilizer application rate for each crop | D31: 1961-2020 | E31: 5 arcminute | F31: https://data.tpdc.ac.cn/en/data/1e31ad1f-5904-4b49-8796-b379c37e7dba | G31: 5 | H31: 5 | I31: see comment above on P: why is N treated differently from P?
A32: Fraction of irrigated cropland | B32: Kebede et al. 2025 | C32: Fraction of irrigated cropland with the total cropland area in each grid | D32: 2000-2015 | E32: 5 arcminute | F32: https://doi.org/10.1038/s41597-024-04313-w | G32: 3 | H32: 3 | I32: amounts of irrigation water used, actual crops being irrigated are interesting, too
A33: Machinery | B33: USDA 2023 | C33: Amount of machinery used in 1000 horsepower (CV) in metric unit per 100 hectares of cropland in each country | D33: 1961-2020 | E33: Country | F33: October 2024 update has remove the data | G33: 4 | H33: 4
A34: Agricultural workers | B34: FAO 2023 | C34: Number of agricultural workers in each country | D34: 1991-2020 | E34: Country | F34: https://www.fao.org/faostat/en/#data/OEA | G34: 2 | H34: 5
A35: Human pressure (NPP Act / NPP Pot) | B35: Matej et al. 2025 | C35: This shows the human influence on the biomass in Net Primary Production (NPP) in the ecosystem through land use by dividing NPP actual with NPP potential | D35: 1992-2020 | E35: 0.5 arcminute | F35: Matej, S., Weidinger, F., Kaufmann, L. et al. A global land-use data cube 1992–2020 based on the Human Appropriation of Net Primary Production. Sci Data 12, 511 (2025). https://doi.org/10.1038/s41597-025-04788-1 | G35: 1 | H35: 4
A36: Other variables? | G36: x
A37: Socio-economic Subsytem | C37: This subsystem consisted of socio-economic variables | D37: - | E37: - | G37: -
A38: GNI | B38: Matti Kummu | C38: Gross National Income shows the values of national income for each country | D38: 1990-2021 | E38: admin 2 | G38: 1 | H38: 5
A39: Years of schooling | B39: Matti Kummu | C39: This shows the amount of average years of schooling in the population | D39: 1990-2021 | E39: admin 1 | G39: 1 | H39: 5
A40: Governance index | B40: Matti Kummu | C40: Governance inis based on World Bank Group (Worldwide Governance Indicators) which shows how good is the governance | D40: 1990-2021 | E40: admin 0 | G40: 1 | H40: 5
A41: Other variables? | G41: x | I41: Maybe Gini index?

Sheet VS1
A1: VARIABLES | B1: REFERENCE | C1: DESCRIPTION | D1: TIMESCALE | E1: RESOLUTION | F1: DOI | G1: SCORING (1-5, 5 being the most important) | I1: Addtional comments/variables?
A3: PHYSICAL SYSTEM | C3: This system includes variables regarding the physical properties of the environment in the area that is not being influenced by human actions | D3: - | E3: - | G3: -
A4: Soil Subsystem | C4: This sub system concentrate on variables that are related to the soil | D4: - | E4: - | G4: -
A5: Soil organic carbon (SOC) | B5: Poggio et al. 2021 | C5: SOC shows the amount of soil organic carbon in each area from 0-60cm of depths | D5: 1960-2020 (mean) | E5: 250 m cellsize ~0.25 arcminute | F5: https://files.isric.org/soilgrids/latest/ | G5: 5 | H5: The soil subsystem is the most unfamiliar for me from the systems included and therefore my responses in this category have the most uncertainty. I would assume that the SOC and the soil evapotransporation and soil moisture are the most important characteristics to determine the food production potential.
A6: Clay-silt content | B6: Poggio et al. 2021 | C6: Clay-silt shows the combined amount of clay and silt in the soil from 0-60cm depths | D6: 1960-2020 (mean) | E6: 250 m cellsize ~0.25 arcminute | F6: https://files.isric.org/soilgrids/latest/ | G6: 3
A7: Soil plant available phosphorous | B7: McDowell et al. 2023 | C7: Amount of phosphorous that is available for plant to absorb from the soil from 0-20cm depth | D7: 2000-2019 (mean) | E7: 0.5 arcminute | F7: https://figshare.com/articles/dataset/Global_Available_Soil_Phosphorus_Database/14241854 | G7: 3
A8: Evapotranspiration | B8: Zhang et al. 2024 | C8: This shows the amount of evapotranspiration in the area | D8: 1982-2020 | E8: 6 arcminutes | F8: Zhang, K., Chen, H., Ma, N. et al. A global dataset of terrestrial evapotranspiration and soil moisture dynamics from 1982 to 2020. Sci Data 11, 445 (2024). https://doi.org/10.1038/s41597-024-03271-7 | G8: 4
A9: Soil Moisture | B9: Zhang et al. 2024 | C9: Amount of soil moisture throughout the layers along the vertical root distribution | D9: 1982-2020 | E9: 6 arcminutes | F9: Zhang, K., Chen, H., Ma, N. et al. A global dataset of terrestrial evapotranspiration and soil moisture dynamics from 1982 to 2020. Sci Data 11, 445 (2024). https://doi.org/10.1038/s41597-024-03271-7 | G9: 4
A10: Other variables? | G10: x
A11: Climate Subsystem | C11: This subsystem focus on the climatic variables | D11: - | E11: - | G11: -
A12: Aridity index | B12: Lu et al. 2025 | C12: Aridity index is used to determine the aridity in the area by looking at, for example, precipitation or evapotranspiration values | D12: 2003-2022 | E12: 3 arcminute | F12: Lu, J., Yao, L., Qin, J., Jiang, H., & Zhou, C. (2025). Global reconstruction of gridded aridity index and its spatial and temporal characterization from 2003 to 2022. International Journal of Digital Earth, 18(1). https://doi.org/10.1080/17538947.2025.2473639 | G12: 4 | H12: From the climate subsystem I would assume that the precipitation is the most important one, followed by aridity index (linked to precipitation) and growing degree days that determine the potential for different plants.
A13: Precipitation (MSWEP) | B13: Beck et al. 2019 | C13: MSWEP shows the 3 hourly precipitation data from 1979 to 2017 | D13: 1979-2017 (annual mean) | E13: 6 arcminute | F13: Beck, H. E., E. F. Wood, M. Pan, C. K. Fisher, D. G. Miralles, A. I. J. M. van Dijk, T. R. McVicar, and R. F. Adler, 2019: MSWEP V2 Global 3-Hourly 0.1° Precipitation: Methodology and Quantitative Assessment. Bull. Amer. Meteor. Soc., 100, 473–500, https://doi.org/10.1175/BAMS-D-17-0138.1 | G13: 5
A14: Growing degree days | B14: Beck et al. 2022 | C14: This measure the accumulated heat above certain base temperature which can estimate the growth and development of plants and insects | D14: 1979-2025 | E14: 6 arcminute | F14: Beck, H.E. et al. (2022) ‘MSWX: Global 3-Hourly 0.1° Bias-Corrected Meteorological Data Including Near-Real-Time Updates and Forecast Ensembles’. Available at: https://doi.org/10.1175/BAMS-D-21-0145.1. | G14: 4
A15: Drought index (SPEI) | B15: Solomon et al. 2023 | C15: Drought index (SPEI) was calculated from two precipitation and two evapotranspiration datasets | D15: 1981-2022 | E15: 5km gridded ~2.5 arcminute | F15: Gebrechorkos, S. H., Peng, J., Dyer, E., Miralles, D. G., Vicente-Serrano, S. M., Funk, C., Beck, H. E., Asfaw, D. T., Singer, M. B., and Dadson, S. J.: Global high-resolution drought indices for 1981–2022, Earth Syst. Sci. Data, 15, 5449–5466, https://doi.org/10.5194/essd-15-5449-2023 | G15: 3
A16: Warm spell duration index (WSDI) | B16: Beck et al. 2022 | C16: This indicator shows the amount of conscutive days that the temperature is high (drought). | D16: 1979-2025 | E16: 6 arcminute | F16: Beck, H.E. et al. (2022) ‘MSWX: Global 3-Hourly 0.1° Bias-Corrected Meteorological Data Including Near-Real-Time Updates and Forecast Ensembles’. Available at: https://doi.org/10.1175/BAMS-D-21-0145.1. | G16: 2
A17: Other variables? | G17: x
A18: Crop-field Subsystem | C18: Crop-field system is currently considered to be between the two main systems (Physical and Human). This system focuses on the variables that are related to crop species | D18: - | E18: - | G18: -
A19: Diversity of crops | B19: Sara Heikonen / Heikonen et al. 2025 | C19: Diversity of crops (30 major food crop types based on SPAM crops) | D19: 1990-2020 | E19: 5 arcminute | F19: https://mapspam.info/data/ | G19: 3 | H19: From the crop-field subsystem I assume that the NPP Pot is the most important that determines the food system potential. The other variables are determined by human activities and can change if human activities in the area change, so from those the HANPP and kilocalories produced from crops and diversity of crops describe best the producion system in the area.
A20: Fraction of cropland per total land area | B20: Matej et al. 2025 | C20: This variable captures the intensity of the cropland in each area by calculating the fraction of actual cropland in the cropland area | D20: 1992-2020 | E20: 0.5 arcminute | F20: https://mapspam.info/data/ | G20: 2
A21: Kilo-calories produced from crops (from SPAM) | B21: SPAM 2000, SPAM 2005, SPAM 2010, SPAM 2020 | C21: Shows the amount of kilo-calories being produced from SPAM crops classes | D21: 2000-2020 | E21: 5 arcminute | F21: https://mapspam.info/data/ | G21: 3
A22: Harvested crop products (HANPP) | B22: Matej et al. 2025 | C22: Shows the amount of mass of carbon being harvested from 22 crop classes | D22: 1992-2020 | E22: 0.5 arcminute | F22: Matej, S., Weidinger, F., Kaufmann, L. et al. A global land-use data cube 1992–2020 based on the Human Appropriation of Net Primary Production. Sci Data 12, 511 (2025). https://doi.org/10.1038/s41597-025-04788-1 | G22: 4
A23: Potential Net primary production (NPP Pot) | B23: Matej et al. 2025 | C23: Potential biomass that is available in each area from agriculture and forestry. | D23: 1992-2020 | E23: 0.5 arcminute | F23: Matej, S., Weidinger, F., Kaufmann, L. et al. A global land-use data cube 1992–2020 based on the Human Appropriation of Net Primary Production. Sci Data 12, 511 (2025). https://doi.org/10.1038/s41597-025-04788-1 | G23: 5
A24: Greenhouse gas emissions from cropland | B24: Cao et al. 2025 (Preprint) | C24: Emission of carbon dioxide, methane, and nitrous oxide from 46 crops circa 2020 | D24: 2020 | E24: 5 arcminute | F24: https://doi.org/10.21203/rs.3.rs-6622054/v1 | G24: 2
A25: Other variables? | I25: Some additional variable that would describe the link to livestock systems? Describing whether the crop production is focused solely in crop production or it takes place in mixed crop-livesrock systems? This has relevance to nutrient recycling, etc.
G26: -
A27: HUMAN SYSTEM | C27: Human system includes the effect from human towards the crop production system including practices that human has used to influence the crop production as well as the socio-economic variables that affect agriculture workers or policies | D27: - | E27: - | G27: -
A28: Management Subsystem | C28: This subsystem includes variables that is related to management | D28: - | E28: - | G28: -
A29: Field size | B29: Lesiv et al. 2019 | C29: Field size shows the categorial data of field size from 1-5 | D29: 2017 | E29: ~0.3 arcminute | F29: https://pure.iiasa.ac.at/id/eprint/15526/ | G29: 5 | H29: From the management system I rated the field size as the most important factor, followed by pesticide application, N fertilizer application rate and irrigation since they characterize the production system and its intensity well.
A30: Pesticide application rate | B30: Maggi et al. 2019 | C30: Application rate of pesticide per each crop | D30: 2015-2025 | E30: 5 arcminute | F30: https://figshare.com/articles/dataset/PEST-CHEMGRIDS_v1/7764014/5 | G30: 4
A31: N fertilizer application rate | B31: Adalibieke et al. 2023 | C31: This shows the N fertilizer application rate for each crop | D31: 1961-2020 | E31: 5 arcminute | F31: https://data.tpdc.ac.cn/en/data/1e31ad1f-5904-4b49-8796-b379c37e7dba | G31: 4
A32: Fraction of irrigated cropland | B32: Kebede et al. 2025 | C32: Fraction of irrigated cropland with the total cropland area in each grid | D32: 2000-2015 | E32: 5 arcminute | F32: https://doi.org/10.1038/s41597-024-04313-w | G32: 4
A33: Machinery | B33: USDA 2023 | C33: Amount of machinery used in 1000 horsepower (CV) in metric unit per 100 hectares of cropland in each country | D33: 1961-2020 | E33: Country | F33: October 2024 update has remove the data | G33: 3
A34: Agricultural workers | B34: FAO 2023 | C34: Number of agricultural workers in each country | D34: 1991-2020 | E34: Country | F34: https://www.fao.org/faostat/en/#data/OEA | G34: 3
A35: Human pressure (NPP Act / NPP Pot) | B35: Matej et al. 2025 | C35: This shows the human influence on the biomass in Net Primary Production (NPP) in the ecosystem through land use by dividing NPP actual with NPP potential | D35: 1992-2020 | E35: 0.5 arcminute | F35: Matej, S., Weidinger, F., Kaufmann, L. et al. A global land-use data cube 1992–2020 based on the Human Appropriation of Net Primary Production. Sci Data 12, 511 (2025). https://doi.org/10.1038/s41597-025-04788-1 | G35: 2
A36: Other variables? | G36: x | I36: Share of production going for exports?
A37: Socio-economic Subsytem | C37: This subsystem consisted of socio-economic variables | D37: - | E37: - | G37: -
A38: GNI | B38: Matti Kummu | C38: Gross National Income shows the values of national income for each country | D38: 1990-2021 | E38: admin 2 | G38: 2 | H38: I gave the socio-economic factors lower scores since I think you can characterize a food system without them, but not without describing the climate, crop-field or management system. However, I do consider these also important factors to be considered since they do impact the food production system although sometimes in an indirect manner.
A39: Years of schooling | B39: Matti Kummu | C39: This shows the amount of average years of schooling in the population | D39: 1990-2021 | E39: admin 1 | G39: 2
A40: Governance index | B40: Matti Kummu | C40: Governance inis based on World Bank Group (Worldwide Governance Indicators) which shows how good is the governance | D40: 1990-2021 | E40: admin 0 | G40: 3
A41: Other variables? | G41: x

Sheet CD1
A1: VARIABLES | B1: REFERENCE | C1: DESCRIPTION | D1: TIMESCALE | E1: RESOLUTION | F1: DOI | G1: SCORING (1-5, 5 being the most important) | I1: Addtional comments/variables?
A3: PHYSICAL SYSTEM | C3: This system includes variables regarding the physical properties of the environment in the area that is not being influenced by human actions | D3: - | E3: - | G3: -
A4: Soil Subsystem | C4: This sub system concentrate on variables that are related to the soil | D4: - | E4: - | G4: -
A5: Soil organic carbon (SOC) | B5: Poggio et al. 2021 | C5: SOC shows the amount of soil organic carbon in each area from 0-60cm of depths | D5: 1960-2020 (mean) | E5: 250 m cellsize ~0.25 arcminute | F5: https://files.isric.org/soilgrids/latest/ | G5: 4
A6: Clay-silt content | B6: Poggio et al. 2021 | C6: Clay-silt shows the combined amount of clay and silt in the soil from 0-60cm depths | D6: 1960-2020 (mean) | E6: 250 m cellsize ~0.25 arcminute | F6: https://files.isric.org/soilgrids/latest/ | G6: 2
A7: Soil plant available phosphorous | B7: McDowell et al. 2023 | C7: Amount of phosphorous that is available for plant to absorb from the soil from 0-20cm depth | D7: 2000-2019 (mean) | E7: 0.5 arcminute | F7: https://figshare.com/articles/dataset/Global_Available_Soil_Phosphorus_Database/14241854 | G7: 3
A8: Evapotranspiration | B8: Zhang et al. 2024 | C8: This shows the amount of evapotranspiration in the area | D8: 1982-2020 | E8: 6 arcminutes | F8: Zhang, K., Chen, H., Ma, N. et al. A global dataset of terrestrial evapotranspiration and soil moisture dynamics from 1982 to 2020. Sci Data 11, 445 (2024). https://doi.org/10.1038/s41597-024-03271-7 | G8: 4 | H8: It could be either potential ET or actual ET. If actual ET over the cropland area, it directly relates to the WF=ET/Y
A9: Soil Moisture | B9: Zhang et al. 2024 | C9: Amount of soil moisture throughout the layers along the vertical root distribution | D9: 1982-2020 | E9: 6 arcminutes | F9: Zhang, K., Chen, H., Ma, N. et al. A global dataset of terrestrial evapotranspiration and soil moisture dynamics from 1982 to 2020. Sci Data 11, 445 (2024). https://doi.org/10.1038/s41597-024-03271-7 | G9: 5
A10: Other variables?
A11: Climate Subsystem | C11: This subsystem focus on the climatic variables | D11: - | E11: -
A12: Aridity index | B12: Lu et al. 2025 | C12: Aridity index is used to determine the aridity in the area by looking at, for example, precipitation or evapotranspiration values | D12: 2003-2022 | E12: 3 arcminute | F12: Lu, J., Yao, L., Qin, J., Jiang, H., & Zhou, C. (2025). Global reconstruction of gridded aridity index and its spatial and temporal characterization from 2003 to 2022. International Journal of Digital Earth, 18(1). https://doi.org/10.1080/17538947.2025.2473639 | G12: 5 | H12: very close to ET (ET/P)
A13: Precipitation (MSWEP) | B13: Beck et al. 2019 | C13: MSWEP shows the 3 hourly precipitation data from 1979 to 2017 | D13: 1979-2017 (annual mean) | E13: 6 arcminute | F13: Beck, H. E., E. F. Wood, M. Pan, C. K. Fisher, D. G. Miralles, A. I. J. M. van Dijk, T. R. McVicar, and R. F. Adler, 2019: MSWEP V2 Global 3-Hourly 0.1° Precipitation: Methodology and Quantitative Assessment. Bull. Amer. Meteor. Soc., 100, 473–500, https://doi.org/10.1175/BAMS-D-17-0138.1 | G13: 4
A14: Growing degree days | B14: Beck et al. 2022 | C14: This measure the accumulated heat above certain base temperature which can estimate the growth and development of plants and insects | D14: 1979-2025 | E14: 6 arcminute | F14: Beck, H.E. et al. (2022) ‘MSWX: Global 3-Hourly 0.1° Bias-Corrected Meteorological Data Including Near-Real-Time Updates and Forecast Ensembles’. Available at: https://doi.org/10.1175/BAMS-D-21-0145.1. | G14: 4
A15: Drought index (SPEI) | B15: Solomon et al. 2023 | C15: Drought index (SPEI) was calculated from two precipitation and two evapotranspiration datasets | D15: 1981-2022 | E15: 5km gridded ~2.5 arcminute | F15: Gebrechorkos, S. H., Peng, J., Dyer, E., Miralles, D. G., Vicente-Serrano, S. M., Funk, C., Beck, H. E., Asfaw, D. T., Singer, M. B., and Dadson, S. J.: Global high-resolution drought indices for 1981–2022, Earth Syst. Sci. Data, 15, 5449–5466, https://doi.org/10.5194/essd-15-5449-2023 | G15: 4 | H15: maybe too related to aridity index
A16: Warm spell duration index (WSDI) | B16: Beck et al. 2022 | C16: This indicator shows the amount of conscutive days that the temperature is high (drought). | D16: 1979-2025 | E16: 6 arcminute | F16: Beck, H.E. et al. (2022) ‘MSWX: Global 3-Hourly 0.1° Bias-Corrected Meteorological Data Including Near-Real-Time Updates and Forecast Ensembles’. Available at: https://doi.org/10.1175/BAMS-D-21-0145.1. | G16: 3
A17: Other variables?
A18: Crop-field Subsystem | C18: Crop-field system is currently considered to be between the two main systems (Physical and Human). This system focuses on the variables that are related to crop species | D18: - | E18: -
A19: Diversity of crops | B19: Sara Heikonen / Heikonen et al. 2025 | C19: Diversity of crops (30 major food crop types based on SPAM crops) | D19: 1990-2020 | E19: 5 arcminute | F19: https://mapspam.info/data/ | G19: 2
A20: Fraction of cropland per total land area | B20: Matej et al. 2025 | C20: This variable captures the intensity of the cropland in each area by calculating the fraction of actual cropland in the cropland area | D20: 1992-2020 | E20: 0.5 arcminute | F20: https://mapspam.info/data/ | G20: 3
A21: Kilo-calories produced from crops (from SPAM) | B21: SPAM 2000, SPAM 2005, SPAM 2010, SPAM 2020 | C21: Shows the amount of kilo-calories being produced from SPAM crops classes | D21: 2000-2020 | E21: 5 arcminute | F21: https://mapspam.info/data/ | G21: 3
A22: Harvested crop products (HANPP) | B22: Matej et al. 2025 | C22: Shows the amount of mass of carbon being harvested from 22 crop classes | D22: 1992-2020 | E22: 0.5 arcminute | F22: Matej, S., Weidinger, F., Kaufmann, L. et al. A global land-use data cube 1992–2020 based on the Human Appropriation of Net Primary Production. Sci Data 12, 511 (2025). https://doi.org/10.1038/s41597-025-04788-1 | G22: 4
A23: Potential Net primary production (NPP Pot) | B23: Matej et al. 2025 | C23: Potential biomass that is available in each area from agriculture and forestry. | D23: 1992-2020 | E23: 0.5 arcminute | F23: Matej, S., Weidinger, F., Kaufmann, L. et al. A global land-use data cube 1992–2020 based on the Human Appropriation of Net Primary Production. Sci Data 12, 511 (2025). https://doi.org/10.1038/s41597-025-04788-1 | G23: 4
A24: Greenhouse gas emissions from cropland | B24: Cao et al. 2025 (Preprint) | C24: Emission of carbon dioxide, methane, and nitrous oxide from 46 crops circa 2020 | D24: 2020 | E24: 5 arcminute | F24: https://doi.org/10.21203/rs.3.rs-6622054/v1 | G24: 4
A25: Other variables?
A27: HUMAN SYSTEM | C27: Human system includes the effect from human towards the crop production system including practices that human has used to influence the crop production as well as the socio-economic variables that affect agriculture workers or policies | D27: - | E27: -
A28: Management Subsystem | C28: This subsystem includes variables that is related to management | D28: - | E28: -
A29: Field size | B29: Lesiv et al. 2019 | C29: Field size shows the categorial data of field size from 1-5 | D29: 2017 | E29: ~0.3 arcminute | F29: https://pure.iiasa.ac.at/id/eprint/15526/
A30: Pesticide application rate | B30: Maggi et al. 2019 | C30: Application rate of pesticide per each crop | D30: 2015-2025 | E30: 5 arcminute | F30: https://figshare.com/articles/dataset/PEST-CHEMGRIDS_v1/7764014/5 | G30: 3
A31: N fertilizer application rate | B31: Adalibieke et al. 2023 | C31: This shows the N fertilizer application rate for each crop | D31: 1961-2020 | E31: 5 arcminute | F31: https://data.tpdc.ac.cn/en/data/1e31ad1f-5904-4b49-8796-b379c37e7dba | G31: 4
A32: Fraction of irrigated cropland | B32: Kebede et al. 2025 | C32: Fraction of irrigated cropland with the total cropland area in each grid | D32: 2000-2015 | E32: 5 arcminute | F32: https://doi.org/10.1038/s41597-024-04313-w | G32: 4
A33: Machinery | B33: USDA 2023 | C33: Amount of machinery used in 1000 horsepower (CV) in metric unit per 100 hectares of cropland in each country | D33: 1961-2020 | E33: Country | F33: October 2024 update has remove the data | G33: 3
A34: Agricultural workers | B34: FAO 2023 | C34: Number of agricultural workers in each country | D34: 1991-2020 | E34: Country | F34: https://www.fao.org/faostat/en/#data/OEA | G34: 3
A35: Human pressure (NPP Act / NPP Pot) | B35: Matej et al. 2025 | C35: This shows the human influence on the biomass in Net Primary Production (NPP) in the ecosystem through land use by dividing NPP actual with NPP potential | D35: 1992-2020 | E35: 0.5 arcminute | F35: Matej, S., Weidinger, F., Kaufmann, L. et al. A global land-use data cube 1992–2020 based on the Human Appropriation of Net Primary Production. Sci Data 12, 511 (2025). https://doi.org/10.1038/s41597-025-04788-1 | H35: not sure
A36: Other variables?
A37: Socio-economic Subsytem | C37: This subsystem consisted of socio-economic variables | D37: - | E37: -
A38: GNI | B38: Matti Kummu | C38: Gross National Income shows the values of national income for each country | D38: 1990-2021 | E38: admin 2 | H38: not sure
A39: Years of schooling | B39: Matti Kummu | C39: This shows the amount of average years of schooling in the population | D39: 1990-2021 | E39: admin 1 | H39: not sure
A40: Governance index | B40: Matti Kummu | C40: Governance inis based on World Bank Group (Worldwide Governance Indicators) which shows how good is the governance | D40: 1990-2021 | E40: admin 0 | H40: not sure
A41: Other variables?

Sheet scoringR2
A1: SECOND ROUND EVALUATION
A4: VARIABLES | B4: REFERENCE | C4: DESCRIPTION | D4: TIMESCALE | E4: RESOLUTION | F4: DOI | G4: SCORING (1-5, 5 being the most important)
A6: PHYSICAL SYSTEM | C6: This system includes variables regarding the physical properties of the environment in the area that is not being influenced by human actions | D6: - | E6: - | G6: x
A7: Soil Subsystem | C7: This sub system concentrate on variables that are related to the soil | D7: - | E7: - | G7: x | H7: Average score | I7: Median score | J7: XH | K7: VS | L7: SG | M7: CM | N7: DG
A8: Soil organic carbon (SOC) | B8: Poggio et al. 2021 | C8: SOC shows the amount of soil organic carbon in each area | D8: 1960-2020 (mean) | E8: 250 m cellsize ~0.25 arcminute | F8: https://files.isric.org/soilgrids/latest/ | G8: (1-5) | H8: =AVERAGE(J8:N8) -> 3.6 | I8: =MEDIAN(J8:N8) -> 3 | J8: ='XH2'!H8 -> 4 | K8: ='VS2'!G8 -> 5 | L8: ='SG2'!H8 -> 3 | M8: ='CM2'!G8 -> 3 | N8: ='DG2'!G8 -> 3
A9: Clay-silt content | B9: Poggio et al. 2021 | C9: Clay-silt shows the combined amount of clay and silt in the soil | D9: 1960-2020 (mean) | E9: 250 m cellsize ~0.25 arcminute | F9: https://files.isric.org/soilgrids/latest/ | G9: (1-5) | H9: =AVERAGE(J9:N9) -> 2.6 | I9: =MEDIAN(J9:N9) -> 3 | J9: ='XH2'!H9 -> 3 | K9: ='VS2'!G9 -> 3 | L9: ='SG2'!H9 -> 2 | M9: ='CM2'!G9 -> 3 | N9: ='DG2'!G9 -> 2
A10: Soil plant available phosphorous | B10: McDowell et al. 2023 | C10: Amount of phosphorous that is available for plant to absorb from the soil | D10: 2000-2019 (mean) | E10: 0.5 arcminute | F10: https://figshare.com/articles/dataset/Global_Available_Soil_Phosphorus_Database/14241854 | G10: (1-5) | H10: =AVERAGE(J10:N10) -> 4.2 | I10: =MEDIAN(J10:N10) -> 4 | J10: ='XH2'!H10 -> 5 | K10: ='VS2'!G10 -> 4 | L10: ='SG2'!H10 -> 4 | M10: ='CM2'!G10 -> 4 | N10: ='DG2'!G10 -> 4
A11: Soil Moisture | B11: Zhang et al. 2024 | C11: Amount of soil moisture throughout the layers along the vertical root distribution | D11: 1982-2020 | E11: 6 arcminutes | F11: Zhang, K., Chen, H., Ma, N. et al. A global dataset of terrestrial evapotranspiration and soil moisture dynamics from 1982 to 2020. Sci Data 11, 445 (2024). https://doi.org/10.1038/s41597-024-03271-7 | G11: (1-5) | H11: =AVERAGE(J11:N11) -> 4.6 | I11: =MEDIAN(J11:N11) -> 5 | J11: ='XH2'!H11 -> 5 | K11: ='VS2'!G11 -> 5 | L11: ='SG2'!H11 -> 3 | M11: ='CM2'!G11 -> 5 | N11: ='DG2'!G11 -> 5
A12: NEW -> Soil pH (SoilGrid) | B12: Poggio et al. 2021 | C12: Amount of pH values in soil | D12: 1960-2020 (mean) | E12: 250 m cellsize ~0.25 arcminute | F12: https://files.isric.org/soilgrids/latest/ | G12: (1-5) | H12: =AVERAGE(J12:N12) -> 3.2 | I12: =MEDIAN(J12:N12) -> 3 | J12: ='XH2'!H12 -> 4 | K12: ='VS2'!G12 -> 4 | L12: ='SG2'!H12 -> 2 | M12: ='CM2'!G12 -> 3 | N12: ='DG2'!G12 -> 3
A13: NEW -> Soil plant available nitrogen | B13: TBD | C13: Amount of nitrogen that is available for plant to absorb from the soil | D13: TBD | E13: TBD | F13: TBD | G13: (1-5) | H13: =AVERAGE(J13:N13) -> 4.6 | I13: =MEDIAN(J13:N13) -> 5 | J13: ='XH2'!H13 -> 5 | K13: ='VS2'!G13 -> 4 | L13: ='SG2'!H13 -> 4 | M13: ='CM2'!G13 -> 5 | N13: ='DG2'!G13 -> 5
A15: Climate Subsystem | C15: This subsystem focus on the climatic variables | D15: - | E15: - | G15: x
A16: Aridity index* | B16: Lu et al. 2025 | C16: Aridity index is used to determine the aridity in the area by looking at, for example, precipitation or evapotranspiration values | D16: 2003-2022 | E16: 3 arcminute | F16: Lu, J., Yao, L., Qin, J., Jiang, H., & Zhou, C. (2025). Global reconstruction of gridded aridity index and its spatial and temporal characterization from 2003 to 2022. International Journal of Digital Earth, 18(1). https://doi.org/10.1080/17538947.2025.2473639 | G16: (1-5) | H16: =AVERAGE(J16:N16) -> 4 | I16: =MEDIAN(J16:N16) -> 4 | J16: ='XH2'!H16 -> 5 | K16: ='VS2'!G16 -> 4 | L16: ='SG2'!H16 -> 4 | M16: ='CM2'!G16 -> 3 | N16: ='DG2'!G16 -> 4
A17: Precipitation (MSWEP) | B17: Beck et al. 2019 | C17: MSWEP shows the 3 hourly precipitation data from 1979 to 2017 | D17: 1979-2017 (annual mean) | E17: 6 arcminute | F17: Beck, H. E., E. F. Wood, M. Pan, C. K. Fisher, D. G. Miralles, A. I. J. M. van Dijk, T. R. McVicar, and R. F. Adler, 2019: MSWEP V2 Global 3-Hourly 0.1° Precipitation: Methodology and Quantitative Assessment. Bull. Amer. Meteor. Soc., 100, 473–500, https://doi.org/10.1175/BAMS-D-17-0138.1 | G17: (1-5) | H17: =AVERAGE(J17:N17) -> 4.4 | I17: =MEDIAN(J17:N17) -> 5 | J17: ='XH2'!H17 -> 4 | K17: ='VS2'!G17 -> 5 | L17: ='SG2'!H17 -> 3 | M17: ='CM2'!G17 -> 5 | N17: ='DG2'!G17 -> 5
A18: Growing degree days | B18: Beck et al. 2022 | C18: This measure the accumulated heat above certain base temperature which can estimate the growth and development of plants and insects | D18: 1979-2025 | E18: 6 arcminute | F18: Beck, H.E. et al. (2022) ‘MSWX: Global 3-Hourly 0.1° Bias-Corrected Meteorological Data Including Near-Real-Time Updates and Forecast Ensembles’. Available at: https://doi.org/10.1175/BAMS-D-21-0145.1. | G18: (1-5) | H18: =AVERAGE(J18:N18) -> 4.6 | I18: =MEDIAN(J18:N18) -> 5 | J18: ='XH2'!H18 -> 5 | K18: ='VS2'!G18 -> 5 | L18: ='SG2'!H18 -> 4 | M18: ='CM2'!G18 -> 5 | N18: ='DG2'!G18 -> 4
A19: Drought index (SPEI)* | B19: Solomon et al. 2023 | C19: Drought index (SPEI) was calculated from two precipitation and two evapotranspiration datasets | D19: 1981-2022 | E19: 5km gridded ~2.5 arcminute | F19: Gebrechorkos, S. H., Peng, J., Dyer, E., Miralles, D. G., Vicente-Serrano, S. M., Funk, C., Beck, H. E., Asfaw, D. T., Singer, M. B., and Dadson, S. J.: Global high-resolution drought indices for 1981–2022, Earth Syst. Sci. Data, 15, 5449–5466, https://doi.org/10.5194/essd-15-5449-2023 | G19: (1-5) | H19: =AVERAGE(J19:N19) -> 3 | I19: =MEDIAN(J19:N19) -> 3 | J19: ='XH2'!H19 -> 4 | K19: ='VS2'!G19 -> 3 | L19: ='SG2'!H19 -> 1 | M19: ='CM2'!G19 -> 3 | N19: ='DG2'!G19 -> 4
A20: Warm spell duration index (WSDI) | B20: Beck et al. 2022 | C20: This indicator shows the amount of conscutive days that the temperature is high (drought). | D20: 1979-2025 | E20: 6 arcminute | F20: Beck, H.E. et al. (2022) ‘MSWX: Global 3-Hourly 0.1° Bias-Corrected Meteorological Data Including Near-Real-Time Updates and Forecast Ensembles’. Available at: https://doi.org/10.1175/BAMS-D-21-0145.1. | G20: (1-5) | H20: =AVERAGE(J20:N20) -> 2.6 | I20: =MEDIAN(J20:N20) -> 3 | J20: ='XH2'!H20 -> 3 | K20: ='VS2'!G20 -> 2 | L20: ='SG2'!H20 -> 1 | M20: ='CM2'!G20 -> 3 | N20: ='DG2'!G20 -> 4
A21: Harvested crop products (HANPPharv) | B21: Matej et al. 2025 | C21: Shows the amount of mass of carbon being harvested from 22 crop classes | D21: 1992-2020 | E21: 0.5 arcminute | F21: Matej, S., Weidinger, F., Kaufmann, L. et al. A global land-use data cube 1992–2020 based on the Human Appropriation of Net Primary Production. Sci Data 12, 511 (2025). https://doi.org/10.1038/s41597-025-04788-1 | G21: (1-5) | H21: =AVERAGE(J21:N21) -> 4.4 | I21: =MEDIAN(J21:N21) -> 4 | J21: ='XH2'!H21 -> 4 | K21: ='VS2'!G21 -> 4 | L21: ='SG2'!H21 -> 5 | M21: ='CM2'!G21 -> 5 | N21: ='DG2'!G21 -> 4
A22: Potential Net primary production (NPP Pot) | B22: Matej et al. 2025 | C22: Potential biomass that is available in each area from agriculture and forestry. | D22: 1992-2020 | E22: 0.5 arcminute | F22: Matej, S., Weidinger, F., Kaufmann, L. et al. A global land-use data cube 1992–2020 based on the Human Appropriation of Net Primary Production. Sci Data 12, 511 (2025). https://doi.org/10.1038/s41597-025-04788-1 | G22: (1-5) | H22: =AVERAGE(J22:N22) -> 3.2 | I22: =MEDIAN(J22:N22) -> 3 | J22: ='XH2'!H22 -> 2 | K22: ='VS2'!G22 -> 4 | L22: ='SG2'!H22 -> 4 | M22: ='CM2'!G22 -> 3 | N22: ='DG2'!G22 -> 3
A23: Evapotranspiration* | B23: Zhang et al. 2024 | C23: This shows the amount of evapotranspiration in the area | D23: 1982-2020 | E23: 6 arcminutes | F23: Zhang, K., Chen, H., Ma, N. et al. A global dataset of terrestrial evapotranspiration and soil moisture dynamics from 1982 to 2020. Sci Data 11, 445 (2024). https://doi.org/10.1038/s41597-024-03271-7 | G23: (1-5) | H23: =AVERAGE(J23:N23) -> 4 | I23: =MEDIAN(J23:N23) -> 4 | J23: ='XH2'!H23 -> 5 | K23: ='VS2'!G23 -> 4 | L23: ='SG2'!H23 -> 4 | M23: ='CM2'!G23 -> 4 | N23: ='DG2'!G23 -> 3
A24: NEW -> Frost days | B24: Beck et al. 2022 | C24: Number of days with temperature below 0 celsius | D24: 1979-2025 | E24: 6 arcminute | F24: Beck, H.E. et al. (2022) ‘MSWX: Global 3-Hourly 0.1° Bias-Corrected Meteorological Data Including Near-Real-Time Updates and Forecast Ensembles’. Available at: https://doi.org/10.1175/BAMS-D-21-0145.1. | G24: (1-5) | H24: =AVERAGE(J24:N24) -> 2.4 | I24: =MEDIAN(J24:N24) -> 2 | J24: ='XH2'!H24 -> 3 | K24: ='VS2'!G24 -> 2 | L24: ='SG2'!H24 -> 2 | M24: ='CM2'!G24 -> 3 | N24: ='DG2'!G24 -> 2
A25: NEW -> Potential Evaporation/Evapotranspiration* (GLEAM) | B25: Miralles, D.G., Bonte, O., Koppa, A. et al. 2025 | C25: Amount of evaporation in each grid | D25: 1980-2023 | E25: 6 arcminutes | F25: https://doi.org/10.1038/s41597-025-04610-y | G25: (1-5) | H25: =AVERAGE(J25:N25) -> 3 | I25: =MEDIAN(J25:N25) -> 3 | J25: ='XH2'!H25 -> 3 | K25: ='VS2'!G25 -> 2 | L25: ='SG2'!H25 -> 2 | M25: ='CM2'!G25 -> 4 | N25: ='DG2'!G25 -> 4
A26: NEW -> Precipitation (wettest 3 consecutive months) (MSWEP/MSWX) | B26: Beck et al. 2022 | C26: The combination of three consecutive monthly precipitation data which has the highest precipitation total value | D26: 1979-2025 | E26: 6 arcminute | F26: Beck, H.E. et al. (2022) ‘MSWX: Global 3-Hourly 0.1° Bias-Corrected Meteorological Data Including Near-Real-Time Updates and Forecast Ensembles’. Available at: https://doi.org/10.1175/BAMS-D-21-0145.1. | G26: (1-5) | H26: =AVERAGE(J26:N26) -> 3 | I26: =MEDIAN(J26:N26) -> 3 | J26: ='XH2'!H26 -> 3 | K26: ='VS2'!G26 -> 4 | L26: ='SG2'!H26 -> 2 | M26: ='CM2'!G26 -> 3 | N26: ='DG2'!G26 -> 3
A27: NEW -> Frequency of droughts during growing season (MSWX) | B27: Beck et al. 2022 | C27: Calculate from monthly drought index and overlay with the growing season days of each year | D27: 1979-2025 | E27: 6 arcminute | F27: Beck, H.E. et al. (2022) ‘MSWX: Global 3-Hourly 0.1° Bias-Corrected Meteorological Data Including Near-Real-Time Updates and Forecast Ensembles’. Available at: https://doi.org/10.1175/BAMS-D-21-0145.1. | G27: (1-5) | H27: =AVERAGE(J27:N27) -> 3.4 | I27: =MEDIAN(J27:N27) -> 4 | J27: ='XH2'!H27 -> 5 | K27: ='VS2'!G27 -> 3 | L27: ='SG2'!H27 -> 1 | M27: ='CM2'!G27 -> 4 | N27: ='DG2'!G27 -> 4
A28: NEW -> Frequency of dry spells during growing season (MSWX) | B28: Beck et al. 2022 | C28: The number consecutive 5-7 days of little or no rainfall and compared this growing season for each year | D28: 1979-2025 | E28: 6 arcminute | F28: Beck, H.E. et al. (2022) ‘MSWX: Global 3-Hourly 0.1° Bias-Corrected Meteorological Data Including Near-Real-Time Updates and Forecast Ensembles’. Available at: https://doi.org/10.1175/BAMS-D-21-0145.1. | G28: (1-5) | H28: =AVERAGE(J28:N28) -> 3.2 | I28: =MEDIAN(J28:N28) -> 4 | J28: ='XH2'!H28 -> 5 | K28: ='VS2'!G28 -> 2 | L28: ='SG2'!H28 -> 1 | M28: ='CM2'!G28 -> 4 | N28: ='DG2'!G28 -> 4
A29: *Note: Might only choose one variable out of these four | G29: (1-5)
A31: INTEGRATED SYSTEM
A32: Crop-field Subsystem | C32: Crop-field system is currently considered to be between the two main systems (Physical and Human). This system focuses on the variables that are related to crop species | D32: - | E32: - | G32: x
A33: Diversity of crops | B33: Sara Heikonen / Heikonen et al. 2025 | C33: Diversity of crops (30 major food crop types based on SPAM crops) | D33: 1990-2020 | E33: 5 arcminute | F33: https://mapspam.info/data/ | G33: (1-5) | H33: =AVERAGE(J33:N33) -> 3.4 | I33: =MEDIAN(J33:N33) -> 3 | J33: ='XH2'!H32 -> 4 | K33: ='VS2'!G32 -> 3 | L33: ='SG2'!H32 -> 5 | M33: ='CM2'!G32 -> 2 | N33: 3
A34: Fraction of cropland per total land area | B34: Matej et al. 2025 | C34: This variable captures the intensity of the cropland in each area by calculating the fraction of actual cropland in the cropland area | D34: 1992-2020 | E34: 0.5 arcminute | F34: https://doi.org/10.1038/s41597-025-04788-1 | G34: (1-5) | H34: =AVERAGE(J34:N34) -> 2.6 | I34: =MEDIAN(J34:N34) -> 2 | J34: ='XH2'!H33 -> 4 | K34: ='VS2'!G33 -> 2 | L34: ='SG2'!H33 -> 4 | M34: ='CM2'!G33 -> 1 | N34: 2
A35: Kilo-calories produced from crops (from BOKU) | B35: SPAM 2000, SPAM 2005, SPAM 2010, SPAM 2020 | C35: Shows the amount of kilo-calories being produced from SPAM crops classes | D35: 2000-2020 | E35: 5 arcminute | F35: https://mapspam.info/data/ | G35: (1-5) | H35: =AVERAGE(J35:N35) -> 4 | I35: =MEDIAN(J35:N35) -> 4 | J35: ='XH2'!H34 -> 4 | K35: ='VS2'!G34 -> 3 | L35: ='SG2'!H34 -> 4 | M35: ='CM2'!G34 -> 5 | N35: 4
A36: Greenhouse gas emissions from cropland | B36: Cao et al. 2025 (Preprint) | C36: Emission of carbon dioxide, methane, and nitrous oxide from 46 crops circa 2020 | D36: 2020 | E36: 5 arcminute | F36: https://doi.org/10.21203/rs.3.rs-6622054/v1 | G36: (1-5) | H36: =AVERAGE(J36:N36) -> 2.8 | I36: =MEDIAN(J36:N36) -> 2 | J36: ='XH2'!H35 -> 2 | K36: ='VS2'!G35 -> 2 | L36: ='SG2'!H35 -> 4 | M36: ='CM2'!G35 -> 2 | N36: 4
A37: NEW -> Dominant crops | B37: Jackson, Nicole D., et al. 2019 | C37: The most common crop being grown in each grid | D37: 1961-2014 | E37: 30 arcminute | F37: https://doi.org/10.1088/1748-9326/ab3b93 | G37: (1-5) | H37: =AVERAGE(J37:N37) -> 3.8 | I37: =MEDIAN(J37:N37) -> 4 | J37: ='XH2'!H37 -> 5 | K37: ='VS2'!G37 -> 4 | L37: ='SG2'!H37 -> 4 | M37: ='CM2'!G37 -> 3 | N37: 3
A38: NEW -> Ratio of Grazing land and Crop land (create) | B38: Parente et al. 2024 / Matej et al. 2025 | C38: Ratio of amont of grazing land over cropland per grid area | D38: 2000-2022 | E38: 5 arcminute | F38: https://doi.org/10.1038/s41597-024-04139-6 / https://doi.org/10.1038/s41597-025-04788-1 | G38: (1-5) | H38: =AVERAGE(J38:N38) -> 3.2 | I38: =MEDIAN(J38:N38) -> 3 | J38: ='XH2'!H38 -> 4 | K38: ='VS2'!G38 -> 5 | L38: ='SG2'!H38 -> 3 | M38: ='CM2'!G38 -> 2 | N38: 2
A39: NEW -> Trees on cropland (MODIS) | B39: DiMiceli et al. 2022 | C39: Ratio of trees or non-trees on croplands | D39: 2000-2024 | E39: 250 m cellsize ~0.25 arcminute | F39: https://doi.org/10.5067/MODIS/MOD44B.061 | G39: (1-5) | H39: =AVERAGE(J39:N39) -> 3 | I39: =MEDIAN(J39:N39) -> 3 | J39: ='XH2'!H39 -> 4 | K39: ='VS2'!G39 -> 2 | L39: ='SG2'!H39 -> 4 | M39: ='CM2'!G39 -> 3 | N39: 2
G40: (1-5)
A41: Water Resource Subsystem
A42: NEW -> Total renewable water resources (AQUASTAT) | B42: AQUASTAT (FAO) | C42: Amount of water resources that is renewable | D42: 1964-2022 | E42: admin 2 (country) | F42: https://data.apps.fao.org/aquastat/?lang=en | G42: (1-5) | H42: =AVERAGE(J42:N42) -> 3 | I42: =MEDIAN(J42:N42) -> 3 | J42: ='XH2'!H59 -> 3 | K42: ='VS2'!G59 -> 3 | L42: ='SG2'!H59 -> 2 | M42: ='CM2'!G59 -> 3 | N42: 4
A43: NEW -> Ratio of surface and groundwater sourced irrigation water | B43: AQUASTAT (FAO) | C43: Ration of amount of irrigation water from surface vs groundwater | D43: 1964-2022 | E43: admin 2 (country) | F43: https://data.apps.fao.org/aquastat/?lang=en | G43: (1-5) | H43: =AVERAGE(J43:N43) -> 3.2 | I43: =MEDIAN(J43:N43) -> 3 | J43: ='XH2'!H60 -> 4 | K43: ='VS2'!G60 -> 4 | L43: ='SG2'!H60 -> 3 | M43: ='CM2'!G60 -> 2 | N43: 3
A44: Fraction of irrigated cropland | B44: Kebede et al. 2025 | C44: Fraction of irrigated cropland with the total cropland area in each grid | D44: 2000-2015 | E44: 5 arcminute | F44: https://doi.org/10.1038/s41597-024-04313-w | G44: (1-5) | H44: =AVERAGE(J44:N44) -> 4.2 | I44: =MEDIAN(J44:N44) -> 4 | J44: ='XH2'!H54 -> 5 | K44: ='VS2'!G54 -> 5 | L44: ='SG2'!H54 -> 4 | M44: ='CM2'!G54 -> 3 | N44: 4
A45: NEW -> Blue and Green crop water requirement (WATNEEDS) | B45: Chiarelli, D.D., Passera, C., Rosa, L. et al. | C45: Amount of green water (ET) and blue water (irrigation) required for crops | D45: 2000, 2016 | E45: 5 arcminute | F45: https://doi.org/10.1038/s41597-020-00612-0 | G45: (1-5) | H45: =AVERAGE(J45:N45) -> 4 | I45: =MEDIAN(J45:N45) -> 4 | J45: ='XH2'!H36 -> 4 | K45: ='VS2'!G36 -> 3 | L45: ='SG2'!H36 -> 4 | M45: ='CM2'!G36 -> 4 | N45: 5
A47: HUMAN SYSTEM | C47: Human system includes the effect from human towards the crop production system including practices that human has used to influence the crop production as well as the socio-economic variables that affect agriculture workers or policies | D47: - | E47: - | G47: x
A48: Socio-economic Subsytem | C48: This subsystem consisted of socio-economic variables | D48: - | E48: - | G48: x
A49: GNI | B49: Matti Kummu | C49: Gross National Income shows the values of national income for each country | D49: 1990-2021 | E49: admin 2 (country) | G49: (1-5) | H49: =AVERAGE(J49:N49) -> 2.4 | I49: =MEDIAN(J49:N49) -> 3 | J49: ='XH2'!H44 -> 3 | K49: ='VS2'!G44 -> 2 | L49: ='SG2'!H44 -> 3 | M49: ='CM2'!G44 -> 1 | N49: 3
A50: Years of schooling | B50: Matti Kummu | C50: This shows the amount of average years of schooling in the population | D50: 1990-2021 | E50: admin 1 | G50: (1-5) | H50: =AVERAGE(J50:N50) -> 2 | I50: =MEDIAN(J50:N50) -> 2 | J50: ='XH2'!H45 -> 3 | K50: ='VS2'!G45 -> 2 | L50: ='SG2'!H45 -> 2 | M50: ='CM2'!G45 -> 1 | N50: 2
A51: Governance index | B51: Matti Kummu | C51: Governance inis based on World Bank Group (Worldwide Governance Indicators) which shows how good is the governance | D51: 1990-2021 | E51: admin 0 | G51: (1-5) | H51: =AVERAGE(J51:N51) -> 2.2 | I51: =MEDIAN(J51:N51) -> 2 | J51: ='XH2'!H46 -> 2 | K51: ='VS2'!G46 -> 3 | L51: ='SG2'!H46 -> 1 | M51: ='CM2'!G46 -> 1 | N51: 4
A52: NEW -> Share of productions going for exports | B52: FAOSTAT | C52: Amount of productions being sent for exports in location | D52: 1961-2023 | E52: admin 2 (country) | F52: https://www.fao.org/faostat/en/#data/TCL | G52: (1-5) | H52: =AVERAGE(J52:N52) -> 3 | I52: =MEDIAN(J52:N52) -> 3 | J52: ='XH2'!H47 -> 3 | K52: ='VS2'!G47 -> 5 | L52: ='SG2'!H47 -> 4 | M52: ='CM2'!G47 -> 1 | N52: 2
A53: NEW -> Human population (HYDE 3.3) | B53: Goldewijk et al. 2017 | C53: Amount of total human population | D53: 10000BCE-2023 | E53: 5 arcminute | F53: https://doi.org/10.24416/UU01-AEZZIT | G53: (1-5) | H53: =AVERAGE(J53:N53) -> 2.4 | I53: =MEDIAN(J53:N53) -> 2 | J53: ='XH2'!H48 -> 3 | K53: ='VS2'!G48 -> 2 | L53: ='SG2'!H48 -> 4 | M53: ='CM2'!G48 -> 1 | N53: 2
A54: Market accessibility
A55: Indigenous community
B56: Indigenous community | C56: Indigenous community | D56: Indigenous community | E56: Indigenous community | F56: Indigenous community | G56: Indigenous community | H56: Indigenous community | I56: Indigenous community
A57: Management Subsystem | C57: This subsystem includes variables that is related to management | D57: - | E57: - | G57: x
A58: Field size | B58: Lesiv et al. 2019 | C58: Field size shows the categorial data of field size from 1-5 | D58: 2017 | E58: ~0.3 arcminute | F58: https://pure.iiasa.ac.at/id/eprint/15526/ | G58: (1-5) | H58: =AVERAGE(J58:N58) -> 3 | I58: =MEDIAN(J58:N58) -> 3 | J58: ='XH2'!H51 -> 3 | K58: ='VS2'!G51 -> 4 | L58: ='SG2'!H51 -> 4 | M58: ='CM2'!G51 -> 1 | N58: 3
A59: Pesticide application rate | B59: Maggi et al. 2019 | C59: Application rate of pesticide per each crop | D59: 2015-2025 | E59: 5 arcminute | F59: https://figshare.com/articles/dataset/PEST-CHEMGRIDS_v1/7764014/5 | G59: (1-5) | H59: =AVERAGE(J59:N59) -> 4 | I59: =MEDIAN(J59:N59) -> 4 | J59: ='XH2'!H52 -> 4 | K59: ='VS2'!G52 -> 4 | L59: ='SG2'!H52 -> 4 | M59: ='CM2'!G52 -> 4 | N59: 4
A60: N fertilizer application rate | B60: Adalibieke et al. 2023 | C60: This shows the N fertilizer application rate for each crop | D60: 1961-2020 | E60: 5 arcminute | F60: https://data.tpdc.ac.cn/en/data/1e31ad1f-5904-4b49-8796-b379c37e7dba | G60: (1-5) | H60: =AVERAGE(J60:N60) -> 4 | I60: =MEDIAN(J60:N60) -> 4 | J60: ='XH2'!H53 -> 4 | K60: ='VS2'!G53 -> 4 | L60: ='SG2'!H53 -> 3 | M60: ='CM2'!G53 -> 5 | N60: 4
A61: Machinery | B61: USDA 2023 | C61: Amount of machinery used in 1000 horsepower (CV) in metric unit per 100 hectares of cropland in each country | D61: 1961-2020 | E61: admin 2 (country) | F61: October 2024 update has remove the data | G61: (1-5) | H61: =AVERAGE(J61:N61) -> 3.6 | I61: =MEDIAN(J61:N61) -> 4 | J61: ='XH2'!H55 -> 4 | K61: ='VS2'!G55 -> 3 | L61: ='SG2'!H55 -> 4 | M61: ='CM2'!G55 -> 4 | N61: 3
A62: Agricultural workers | B62: FAO 2023 | C62: Number of agricultural workers in each country | D62: 1991-2020 | E62: admin 2 (country) | F62: https://www.fao.org/faostat/en/#data/OEA | G62: (1-5) | H62: =AVERAGE(J62:N62) -> 3.2 | I62: =MEDIAN(J62:N62) -> 3 | J62: ='XH2'!H56 -> 4 | K62: ='VS2'!G56 -> 3 | L62: ='SG2'!H56 -> 4 | M62: ='CM2'!G56 -> 2 | N62: 3
A63: Human pressure (NPP Act / NPP Pot) | B63: Matej et al. 2025 | C63: This shows the human influence on the biomass in Net Primary Production (NPP) in the ecosystem through land use by dividing NPP actual with NPP potential | D63: 1992-2020 | E63: 0.5 arcminute | F63: Matej, S., Weidinger, F., Kaufmann, L. et al. A global land-use data cube 1992–2020 based on the Human Appropriation of Net Primary Production. Sci Data 12, 511 (2025). https://doi.org/10.1038/s41597-025-04788-1 | G63: (1-5) | H63: =AVERAGE(J63:N63) -> 2.6 | I63: =MEDIAN(J63:N63) -> 2 | J63: ='XH2'!H57 -> 4 | K63: ='VS2'!G57 -> 2 | L63: ='SG2'!H57 -> 4 | M63: ='CM2'!G57 -> 1 | N63: 2
A64: NEW -> NPK fertilizer application rate | B64: Coello et al. 2025 | C64: Nitrogen, Phosphorous, and Potassium fertilizer applications for crops | D64: 1961-2019 | E64: 5 arcminute | F64: https://doi.org/10.1038/s41597-024-04215-x | G64: (1-5) | H64: =AVERAGE(J64:N64) -> 4.6 | I64: =MEDIAN(J64:N64) -> 5 | J64: ='XH2'!H58 -> 5 | K64: ='VS2'!G58 -> 4 | L64: ='SG2'!H58 -> 5 | M64: ='CM2'!G58 -> 5 | N64: 4

Sheet Soil
A1: Soil Subsystem | C1: This sub system concentrate on variables that are related to the soil | D1: - | E1: - | G1: x | H1: Average score | I1: Median score
A2: Soil organic carbon (SOC) | B2: Poggio et al. 2021 | C2: SOC shows the amount of soil organic carbon in each area | D2: 1960-2020 (mean) | E2: 250 m cellsize ~0.25 arcminute | F2: https://files.isric.org/soilgrids/latest/ | G2: (1-5) | H2: =scoringR2!H8 -> 3.6 | I2: =scoringR2!I8 -> 3
A3: Clay-silt content | B3: Poggio et al. 2021 | C3: Clay-silt shows the combined amount of clay and silt in the soil | D3: 1960-2020 (mean) | E3: 250 m cellsize ~0.25 arcminute | F3: https://files.isric.org/soilgrids/latest/ | G3: (1-5) | H3: =scoringR2!H9 -> 2.6 | I3: =scoringR2!I9 -> 3
A4: Soil plant available phosphorous | B4: McDowell et al. 2023 | C4: Amount of phosphorous that is available for plant to absorb from the soil | D4: 2000-2019 (mean) | E4: 0.5 arcminute | F4: https://figshare.com/articles/dataset/Global_Available_Soil_Phosphorus_Database/14241854 | G4: (1-5) | H4: =scoringR2!H10 -> 4.2 | I4: =scoringR2!I10 -> 4
A5: Soil Moisture | B5: Zhang et al. 2024 | C5: Amount of soil moisture throughout the layers along the vertical root distribution | D5: 1982-2020 | E5: 6 arcminutes | F5: Zhang, K., Chen, H., Ma, N. et al. A global dataset of terrestrial evapotranspiration and soil moisture dynamics from 1982 to 2020. Sci Data 11, 445 (2024). https://doi.org/10.1038/s41597-024-03271-7 | G5: (1-5) | H5: =scoringR2!H11 -> 4.6 | I5: =scoringR2!I11 -> 5
A6: NEW -> Soil pH (SoilGrid) | B6: Poggio et al. 2021 | C6: Amount of pH values in soil | D6: 1960-2020 (mean) | E6: 250 m cellsize ~0.25 arcminute | F6: https://files.isric.org/soilgrids/latest/ | G6: (1-5) | H6: =scoringR2!H12 -> 3.2 | I6: =scoringR2!I12 -> 3
A7: NEW -> Soil plant available nitrogen | B7: TBD | C7: Amount of nitrogen that is available for plant to absorb from the soil | D7: TBD | E7: TBD | F7: TBD | G7: (1-5) | H7: =scoringR2!H13 -> 4.6 | I7: =scoringR2!I13 -> 5
A10: PHYSICAL SYSTEM
A11: Soil Subsystem | B11: Average score
A12: Soil Moisture | B12: 4.6
A13: NEW -> Soil plant available nitrogen | B13: 4.6
A14: Soil plant available phosphorous | B14: 4.2
A15: Soil organic carbon (SOC) | B15: 3.6
A16: NEW -> Soil pH (SoilGrid) | B16: 3.2
A17: Clay-silt content | B17: 2.6
A20: Soil Subsystem | B20: Median score
A21: Soil Moisture | B21: 5
A22: NEW -> Soil plant available nitrogen | B22: 5
A23: Soil plant available phosphorous | B23: 4
A24: Soil organic carbon (SOC) | B24: 3
A25: Clay-silt content | B25: 3
A26: NEW -> Soil pH (SoilGrid) | B26: 3

Sheet Climate
A1: Climate Subsystem | C1: This subsystem focus on the climatic variables | D1: - | E1: - | G1: x | H1: Average score | I1: Median score
A2: Aridity index* | B2: Lu et al. 2025 | C2: Aridity index is used to determine the aridity in the area by looking at, for example, precipitation or evapotranspiration values | D2: 2003-2022 | E2: 3 arcminute | F2: Lu, J., Yao, L., Qin, J., Jiang, H., & Zhou, C. (2025). Global reconstruction of gridded aridity index and its spatial and temporal characterization from 2003 to 2022. International Journal of Digital Earth, 18(1). https://doi.org/10.1080/17538947.2025.2473639 | G2: (1-5) | H2: =scoringR2!H16 -> 4 | I2: =scoringR2!I16 -> 4
A3: Precipitation (MSWEP) | B3: Beck et al. 2019 | C3: MSWEP shows the 3 hourly precipitation data from 1979 to 2017 | D3: 1979-2017 (annual mean) | E3: 6 arcminute | F3: Beck, H. E., E. F. Wood, M. Pan, C. K. Fisher, D. G. Miralles, A. I. J. M. van Dijk, T. R. McVicar, and R. F. Adler, 2019: MSWEP V2 Global 3-Hourly 0.1° Precipitation: Methodology and Quantitative Assessment. Bull. Amer. Meteor. Soc., 100, 473–500, https://doi.org/10.1175/BAMS-D-17-0138.1 | G3: (1-5) | H3: =scoringR2!H17 -> 4.4 | I3: =scoringR2!I17 -> 5
A4: Growing degree days | B4: Beck et al. 2022 | C4: This measure the accumulated heat above certain base temperature which can estimate the growth and development of plants and insects | D4: 1979-2025 | E4: 6 arcminute | F4: Beck, H.E. et al. (2022) ‘MSWX: Global 3-Hourly 0.1° Bias-Corrected Meteorological Data Including Near-Real-Time Updates and Forecast Ensembles’. Available at: https://doi.org/10.1175/BAMS-D-21-0145.1. | G4: (1-5) | H4: =scoringR2!H18 -> 4.6 | I4: =scoringR2!I18 -> 5
A5: Drought index (SPEI)* | B5: Solomon et al. 2023 | C5: Drought index (SPEI) was calculated from two precipitation and two evapotranspiration datasets | D5: 1981-2022 | E5: 5km gridded ~2.5 arcminute | F5: Gebrechorkos, S. H., Peng, J., Dyer, E., Miralles, D. G., Vicente-Serrano, S. M., Funk, C., Beck, H. E., Asfaw, D. T., Singer, M. B., and Dadson, S. J.: Global high-resolution drought indices for 1981–2022, Earth Syst. Sci. Data, 15, 5449–5466, https://doi.org/10.5194/essd-15-5449-2023 | G5: (1-5) | H5: =scoringR2!H19 -> 3 | I5: =scoringR2!I19 -> 3
A6: Warm spell duration index (WSDI) | B6: Beck et al. 2022 | C6: This indicator shows the amount of conscutive days that the temperature is high (drought). | D6: 1979-2025 | E6: 6 arcminute | F6: Beck, H.E. et al. (2022) ‘MSWX: Global 3-Hourly 0.1° Bias-Corrected Meteorological Data Including Near-Real-Time Updates and Forecast Ensembles’. Available at: https://doi.org/10.1175/BAMS-D-21-0145.1. | G6: (1-5) | H6: =scoringR2!H20 -> 2.6 | I6: =scoringR2!I20 -> 3
A7: Harvested crop products (HANPPharv) | B7: Matej et al. 2025 | C7: Shows the amount of mass of carbon being harvested from 22 crop classes | D7: 1992-2020 | E7: 0.5 arcminute | F7: Matej, S., Weidinger, F., Kaufmann, L. et al. A global land-use data cube 1992–2020 based on the Human Appropriation of Net Primary Production. Sci Data 12, 511 (2025). https://doi.org/10.1038/s41597-025-04788-1 | G7: (1-5) | H7: =scoringR2!H21 -> 4.4 | I7: =scoringR2!I21 -> 4
A8: Potential Net primary production (NPP Pot) | B8: Matej et al. 2025 | C8: Potential biomass that is available in each area from agriculture and forestry. | D8: 1992-2020 | E8: 0.5 arcminute | F8: Matej, S., Weidinger, F., Kaufmann, L. et al. A global land-use data cube 1992–2020 based on the Human Appropriation of Net Primary Production. Sci Data 12, 511 (2025). https://doi.org/10.1038/s41597-025-04788-1 | G8: (1-5) | H8: =scoringR2!H22 -> 3.2 | I8: =scoringR2!I22 -> 3
A9: Evapotranspiration* | B9: Zhang et al. 2024 | C9: This shows the amount of evapotranspiration in the area | D9: 1982-2020 | E9: 6 arcminutes | F9: Zhang, K., Chen, H., Ma, N. et al. A global dataset of terrestrial evapotranspiration and soil moisture dynamics from 1982 to 2020. Sci Data 11, 445 (2024). https://doi.org/10.1038/s41597-024-03271-7 | G9: (1-5) | H9: =scoringR2!H23 -> 4 | I9: =scoringR2!I23 -> 4
A10: NEW -> Frost days | B10: Beck et al. 2022 | C10: Number of days with temperature below 0 celsius | D10: 1979-2025 | E10: 6 arcminute | F10: Beck, H.E. et al. (2022) ‘MSWX: Global 3-Hourly 0.1° Bias-Corrected Meteorological Data Including Near-Real-Time Updates and Forecast Ensembles’. Available at: https://doi.org/10.1175/BAMS-D-21-0145.1. | G10: (1-5) | H10: =scoringR2!H24 -> 2.4 | I10: =scoringR2!I24 -> 2
A11: NEW -> Potential Evaporation/Evapotranspiration* (GLEAM) | B11: Miralles, D.G., Bonte, O., Koppa, A. et al. 2025 | C11: Amount of evaporation in each grid | D11: 1980-2023 | E11: 6 arcminutes | F11: https://doi.org/10.1038/s41597-025-04610-y | G11: (1-5) | H11: =scoringR2!H25 -> 3 | I11: =scoringR2!I25 -> 3
A12: NEW -> Precipitation (wettest 3 consecutive months) (MSWEP/MSWX) | B12: Beck et al. 2022 | C12: The combination of three consecutive monthly precipitation data which has the highest precipitation total value | D12: 1979-2025 | E12: 6 arcminute | F12: Beck, H.E. et al. (2022) ‘MSWX: Global 3-Hourly 0.1° Bias-Corrected Meteorological Data Including Near-Real-Time Updates and Forecast Ensembles’. Available at: https://doi.org/10.1175/BAMS-D-21-0145.1. | G12: (1-5) | H12: =scoringR2!H26 -> 3 | I12: =scoringR2!I26 -> 3
A13: NEW -> Frequency of droughts during growing season (MSWX) | B13: Beck et al. 2022 | C13: Calculate from monthly drought index and overlay with the growing season days of each year | D13: 1979-2025 | E13: 6 arcminute | F13: Beck, H.E. et al. (2022) ‘MSWX: Global 3-Hourly 0.1° Bias-Corrected Meteorological Data Including Near-Real-Time Updates and Forecast Ensembles’. Available at: https://doi.org/10.1175/BAMS-D-21-0145.1. | G13: (1-5) | H13: =scoringR2!H27 -> 3.4 | I13: =scoringR2!I27 -> 4
A14: NEW -> Frequency of dry spells during growing season (MSWX) | B14: Beck et al. 2022 | C14: The number consecutive 5-7 days of little or no rainfall and compared this growing season for each year | D14: 1979-2025 | E14: 6 arcminute | F14: Beck, H.E. et al. (2022) ‘MSWX: Global 3-Hourly 0.1° Bias-Corrected Meteorological Data Including Near-Real-Time Updates and Forecast Ensembles’. Available at: https://doi.org/10.1175/BAMS-D-21-0145.1. | G14: (1-5) | H14: =scoringR2!H28 -> 3.2 | I14: =scoringR2!I28 -> 4
A15: *Note: Might only choose one variable out of these four
A18: Climate Subsystem | B18: Average score
A19: Growing degree days | B19: 4.6
A20: Precipitation (MSWEP) | B20: 4.4
A21: Harvested crop products (HANPPharv) | B21: 4.4
A22: Aridity index* | B22: 4
A23: Evapotranspiration* | B23: 4
A24: NEW -> Frequency of droughts during growing season (MSWX) | B24: 3.4
A25: Potential Net primary production (NPP Pot) | B25: 3.2
A26: NEW -> Frequency of dry spells during growing season (MSWX) | B26: 3.2
A27: Drought index (SPEI)* | B27: 3
A28: NEW -> Potential Evaporation/Evapotranspiration* (GLEAM) | B28: 3
A29: NEW -> Precipitation (wettest 3 consecutive months) (MSWEP/MSWX) | B29: 3
A30: Warm spell duration index (WSDI) | B30: 2.6
A31: NEW -> Frost days | B31: 2.4
A32: *Note: Might only choose one variable out of these four
A34: Climate Subsystem | B34: Median score
A35: Precipitation (MSWEP) | B35: 5
A36: Growing degree days | B36: 5
A37: Aridity index* | B37: 4
A38: Harvested crop products (HANPPharv) | B38: 4
A39: Evapotranspiration* | B39: 4
A40: NEW -> Frequency of droughts during growing season (MSWX) | B40: 4
A41: NEW -> Frequency of dry spells during growing season (MSWX) | B41: 4
A42: Drought index (SPEI)* | B42: 3
A43: Warm spell duration index (WSDI) | B43: 3
A44: Potential Net primary production (NPP Pot) | B44: 3
A45: NEW -> Potential Evaporation/Evapotranspiration* (GLEAM) | B45: 3
A46: NEW -> Precipitation (wettest 3 consecutive months) (MSWEP/MSWX) | B46: 3
A47: NEW -> Frost days | B47: 2

Sheet Crop-field
A1: Crop-field Subsystem | C1: Crop-field system is currently considered to be between the two main systems (Physical and Human). This system focuses on the variables that are related to crop species | D1: - | E1: - | G1: x | H1: Average score | I1: Median score
A2: Diversity of crops | B2: Sara Heikonen / Heikonen et al. 2025 | C2: Diversity of crops (30 major food crop types based on SPAM crops) | D2: 1990-2020 | E2: 5 arcminute | F2: https://mapspam.info/data/ | G2: (1-5) | H2: =scoringR2!H33 -> 3.4 | I2: =scoringR2!I33 -> 3
A3: Fraction of cropland per total land area | B3: Matej et al. 2025 | C3: This variable captures the intensity of the cropland in each area by calculating the fraction of actual cropland in the cropland area | D3: 1992-2020 | E3: 0.5 arcminute | F3: https://doi.org/10.1038/s41597-025-04788-1 | G3: (1-5) | H3: =scoringR2!H34 -> 2.6 | I3: =scoringR2!I34 -> 2
A4: Kilo-calories produced from crops (from SPAM) | B4: SPAM 2000, SPAM 2005, SPAM 2010, SPAM 2020 | C4: Shows the amount of kilo-calories being produced from SPAM crops classes | D4: 2000-2020 | E4: 5 arcminute | F4: https://mapspam.info/data/ | G4: (1-5) | H4: =scoringR2!H35 -> 4 | I4: =scoringR2!I35 -> 4
A5: Greenhouse gas emissions from cropland | B5: Cao et al. 2025 (Preprint) | C5: Emission of carbon dioxide, methane, and nitrous oxide from 46 crops circa 2020 | D5: 2020 | E5: 5 arcminute | F5: https://doi.org/10.21203/rs.3.rs-6622054/v1 | G5: (1-5) | H5: =scoringR2!H36 -> 2.8 | I5: =scoringR2!I36 -> 2
A6: NEW -> Dominant crops | B6: Jackson, Nicole D., et al. 2019 | C6: The most common crop being grown in each grid | D6: 1961-2014 | E6: 30 arcminute | F6: https://doi.org/10.1088/1748-9326/ab3b93 | G6: (1-5) | H6: =scoringR2!H37 -> 3.8 | I6: =scoringR2!I37 -> 4
A7: NEW -> Ratio of Grazing land and Crop land (create) | B7: Parente et al. 2024 / Matej et al. 2025 | C7: Ratio of amont of grazing land over cropland per grid area | D7: 2000-2022 | E7: 5 arcminute | F7: https://doi.org/10.1038/s41597-024-04139-6 / https://doi.org/10.1038/s41597-025-04788-1 | G7: (1-5) | H7: =scoringR2!H38 -> 3.2 | I7: =scoringR2!I38 -> 3
A8: NEW -> Trees on cropland (MODIS) | B8: DiMiceli et al. 2022 | C8: Ratio of trees or non-trees on croplands | D8: 2000-2024 | E8: 250 m cellsize ~0.25 arcminute | F8: https://doi.org/10.5067/MODIS/MOD44B.061 | G8: (1-5) | H8: =scoringR2!H39 -> 3 | I8: =scoringR2!I39 -> 3
A11: Crop-field Subsystem | B11: Average score
A12: Kilo-calories produced from crops (from SPAM) | B12: 4 | C12: Might do this with NPP instead?
A13: NEW -> Dominant crops | B13: 3.8
A14: Diversity of crops | B14: 3.4
A15: NEW -> Ratio of Grazing land and Crop land (create) | B15: 3.2
A16: NEW -> Trees on cropland (MODIS) | B16: 3
A17: Greenhouse gas emissions from cropland | B17: 2.8
A18: Fraction of cropland per total land area | B18: 2.6
A21: Crop-field Subsystem | B21: Median score
A22: Kilo-calories produced from crops (from SPAM) | B22: 4
A23: NEW -> Dominant crops | B23: 4
A24: Diversity of crops | B24: 3
A25: NEW -> Ratio of Grazing land and Crop land (create) | B25: 3
A26: NEW -> Trees on cropland (MODIS) | B26: 3
A27: Fraction of cropland per total land area | B27: 2
A28: Greenhouse gas emissions from cropland | B28: 2

Sheet Water
A1: Water Resource Subsystem | H1: Average score | I1: Median score
A2: NEW -> Total renewable water resources (AQUASTAT) | B2: AQUASTAT (FAO) | C2: Amount of water resources that is renewable | D2: 1964-2022 | E2: admin 2 (country) | F2: https://data.apps.fao.org/aquastat/?lang=en | G2: (1-5) | H2: =scoringR2!H42 -> 3 | I2: =scoringR2!I42 -> 3
A3: NEW -> Ratio of surface and groundwater sourced irrigation water | B3: AQUASTAT (FAO) | C3: Ration of amount of irrigation water from surface vs groundwater | D3: 1964-2022 | E3: admin 2 (country) | F3: https://data.apps.fao.org/aquastat/?lang=en | G3: (1-5) | H3: =scoringR2!H43 -> 3.2 | I3: =scoringR2!I43 -> 3
A4: Fraction of irrigated cropland | B4: Kebede et al. 2025 | C4: Fraction of irrigated cropland with the total cropland area in each grid | D4: 2000-2015 | E4: 5 arcminute | F4: https://doi.org/10.1038/s41597-024-04313-w | G4: (1-5) | H4: =scoringR2!H44 -> 4.2 | I4: =scoringR2!I44 -> 4
A5: NEW -> Blue and Green crop water requirement (WATNEEDS) | B5: Chiarelli, D.D., Passera, C., Rosa, L. et al. | C5: Amount of green water (ET) and blue water (irrigation) required for crops | D5: 2000, 2016 | E5: 5 arcminute | F5: https://doi.org/10.1038/s41597-020-00612-0 | G5: (1-5) | H5: =scoringR2!H45 -> 4 | I5: =scoringR2!I45 -> 4
A8: Water Resource Subsystem | B8: Average score
A9: Fraction of irrigated cropland | B9: 4.2
A10: NEW -> Blue and Green crop water requirement (WATNEEDS) | B10: 4
A11: NEW -> Ratio of surface and groundwater sourced irrigation water | B11: 3.2
A12: NEW -> Total renewable water resources (AQUASTAT) | B12: 3
A15: Water Resource Subsystem | B15: Median score
A16: Fraction of irrigated cropland | B16: 4
A17: NEW -> Blue and Green crop water requirement (WATNEEDS) | B17: 4
A18: NEW -> Total renewable water resources (AQUASTAT) | B18: 3
A19: NEW -> Ratio of surface and groundwater sourced irrigation water | B19: 3

Sheet SocioE
A1: Socio-economic Subsytem | C1: This subsystem consisted of socio-economic variables | D1: - | E1: - | G1: x | H1: Average score | I1: Median score
A2: GNI | B2: Matti Kummu | C2: Gross National Income shows the values of national income for each country | D2: 1990-2021 | E2: admin 2 (country) | G2: (1-5) | H2: =scoringR2!H49 -> 2.4 | I2: =scoringR2!I49 -> 3
A3: Years of schooling | B3: Matti Kummu | C3: This shows the amount of average years of schooling in the population | D3: 1990-2021 | E3: admin 1 | G3: (1-5) | H3: =scoringR2!H50 -> 2 | I3: =scoringR2!I50 -> 2
A4: Governance index | B4: Matti Kummu | C4: Governance inis based on World Bank Group (Worldwide Governance Indicators) which shows how good is the governance | D4: 1990-2021 | E4: admin 0 | G4: (1-5) | H4: =scoringR2!H51 -> 2.2 | I4: =scoringR2!I51 -> 2
A5: NEW -> Share of productions going for exports | B5: FAOSTAT | C5: Amount of productions being sent for exports in location | D5: 1961-2023 | E5: admin 2 (country) | F5: https://www.fao.org/faostat/en/#data/TCL | G5: (1-5) | H5: =scoringR2!H52 -> 3 | I5: =scoringR2!I52 -> 3
A6: NEW -> Human population (HYDE 3.3) | B6: Goldewijk et al. 2017 | C6: Amount of total human population | D6: 10000BCE-2023 | E6: 5 arcminute | F6: https://doi.org/10.24416/UU01-AEZZIT | G6: (1-5) | H6: =scoringR2!H53 -> 2.4 | I6: =scoringR2!I53 -> 2
A8: Socio-economic Subsytem | B8: Average score
A9: NEW -> Share of productions going for exports | B9: 3
A10: GNI | B10: 2.4
A11: NEW -> Human population (HYDE 3.3) | B11: 2.4
A12: Governance index | B12: 2.2
A13: Years of schooling | B13: 2
A16: Socio-economic Subsytem | B16: Median score
A17: GNI | B17: 3
A18: NEW -> Share of productions going for exports | B18: 3
A19: Years of schooling | B19: 2
A20: Governance index | B20: 2
A21: NEW -> Human population (HYDE 3.3) | B21: 2

Sheet Management
A1: Management Subsystem | C1: This subsystem includes variables that is related to management | D1: - | E1: - | G1: x | H1: Average score | I1: Median score
A2: Field size | B2: Lesiv et al. 2019 | C2: Field size shows the categorial data of field size from 1-5 | D2: 2017 | E2: ~0.3 arcminute | F2: https://pure.iiasa.ac.at/id/eprint/15526/ | G2: (1-5) | H2: =scoringR2!H58 -> 3 | I2: =scoringR2!I58 -> 3
A3: Pesticide application rate | B3: Maggi et al. 2019 | C3: Application rate of pesticide per each crop | D3: 2015-2025 | E3: 5 arcminute | F3: https://figshare.com/articles/dataset/PEST-CHEMGRIDS_v1/7764014/5 | G3: (1-5) | H3: =scoringR2!H59 -> 4 | I3: =scoringR2!I59 -> 4
A4: N fertilizer application rate | B4: Adalibieke et al. 2023 | C4: This shows the N fertilizer application rate for each crop | D4: 1961-2020 | E4: 5 arcminute | F4: https://data.tpdc.ac.cn/en/data/1e31ad1f-5904-4b49-8796-b379c37e7dba | G4: (1-5) | H4: =scoringR2!H60 -> 4 | I4: =scoringR2!I60 -> 4
A5: Machinery | B5: USDA 2023 | C5: Amount of machinery used in 1000 horsepower (CV) in metric unit per 100 hectares of cropland in each country | D5: 1961-2020 | E5: admin 2 (country) | F5: October 2024 update has remove the data | G5: (1-5) | H5: =scoringR2!H61 -> 3.6 | I5: =scoringR2!I61 -> 4
A6: Agricultural workers | B6: FAO 2023 | C6: Number of agricultural workers in each country | D6: 1991-2020 | E6: admin 2 (country) | F6: https://www.fao.org/faostat/en/#data/OEA | G6: (1-5) | H6: =scoringR2!H62 -> 3.2 | I6: =scoringR2!I62 -> 3
A7: Human pressure (NPP Act / NPP Pot) | B7: Matej et al. 2025 | C7: This shows the human influence on the biomass in Net Primary Production (NPP) in the ecosystem through land use by dividing NPP actual with NPP potential | D7: 1992-2020 | E7: 0.5 arcminute | F7: Matej, S., Weidinger, F., Kaufmann, L. et al. A global land-use data cube 1992–2020 based on the Human Appropriation of Net Primary Production. Sci Data 12, 511 (2025). https://doi.org/10.1038/s41597-025-04788-1 | G7: (1-5) | H7: =scoringR2!H63 -> 2.6 | I7: =scoringR2!I63 -> 2
A8: NEW -> NPK fertilizer application rate | B8: Coello et al. 2025 | C8: Nitrogen, Phosphorous, and Potassium fertilizer applications for crops | D8: 1961-2019 | E8: 5 arcminute | F8: https://doi.org/10.1038/s41597-024-04215-x | G8: (1-5) | H8: =scoringR2!H64 -> 4.6 | I8: =scoringR2!I64 -> 5
A10: Management Subsystem | B10: Average score
A11: NEW -> NPK fertilizer application rate | B11: 4.6
A12: Pesticide application rate | B12: 4
A13: Machinery | B13: 3.6
A14: Agricultural workers | B14: 3.2
A15: Field size | B15: 3
A16: Human pressure (NPP Act / NPP Pot) | B16: 2.6
A20: Management Subsystem | B20: Median score
A21: NEW -> NPK fertilizer application rate | B21: 5
A22: Pesticide application rate | B22: 4
A23: Machinery | B23: 4
A24: Field size | B24: 3
A25: Agricultural workers | B25: 3
A26: Human pressure (NPP Act / NPP Pot) | B26: 2

Sheet XH2
A1: SECOND ROUND EVALUATION
A4: VARIABLES | B4: REFERENCE | C4: DESCRIPTION | D4: TIMESCALE | E4: RESOLUTION | F4: DOI | G4: SCORING (1-5, 5 being the most important)
A6: PHYSICAL SYSTEM | C6: This system includes variables regarding the physical properties of the environment in the area that is not being influenced by human actions | D6: - | E6: - | G6: x
A7: Soil Subsystem | C7: This sub system concentrate on variables that are related to the soil | D7: - | E7: - | G7: x
A8: Soil organic carbon (SOC) | B8: Poggio et al. 2021 | C8: SOC shows the amount of soil organic carbon in each area | D8: 1960-2020 (mean) | E8: 250 m cellsize ~0.25 arcminute | F8: https://files.isric.org/soilgrids/latest/ | G8: (1-5) | H8: 4
A9: Clay-silt content | B9: Poggio et al. 2021 | C9: Clay-silt shows the combined amount of clay and silt in the soil | D9: 1960-2020 (mean) | E9: 250 m cellsize ~0.25 arcminute | F9: https://files.isric.org/soilgrids/latest/ | G9: (1-5) | H9: 3
A10: Soil plant available phosphorous | B10: McDowell et al. 2023 | C10: Amount of phosphorous that is available for plant to absorb from the soil | D10: 2000-2019 (mean) | E10: 0.5 arcminute | F10: https://figshare.com/articles/dataset/Global_Available_Soil_Phosphorus_Database/14241854 | G10: (1-5) | H10: 5
A11: Soil Moisture | B11: Zhang et al. 2024 | C11: Amount of soil moisture throughout the layers along the vertical root distribution | D11: 1982-2020 | E11: 6 arcminutes | F11: Zhang, K., Chen, H., Ma, N. et al. A global dataset of terrestrial evapotranspiration and soil moisture dynamics from 1982 to 2020. Sci Data 11, 445 (2024). https://doi.org/10.1038/s41597-024-03271-7 | G11: (1-5) | H11: 5
A12: NEW -> Soil pH (SoilGrid) | B12: Poggio et al. 2021 | C12: Amount of pH values in soil | D12: 1960-2020 (mean) | E12: 250 m cellsize ~0.25 arcminute | F12: https://files.isric.org/soilgrids/latest/ | G12: (1-5) | H12: 4
A13: NEW -> Soil plant available nitrogen | B13: TBD | C13: Amount of nitrogen that is available for plant to absorb from the soil | D13: TBD | E13: TBD | F13: TBD | G13: (1-5) | H13: 5
A15: Climate Subsystem | C15: This subsystem focus on the climatic variables | D15: - | E15: - | G15: x
A16: Aridity index* | B16: Lu et al. 2025 | C16: Aridity index is used to determine the aridity in the area by looking at, for example, precipitation or evapotranspiration values | D16: 2003-2022 | E16: 3 arcminute | F16: Lu, J., Yao, L., Qin, J., Jiang, H., & Zhou, C. (2025). Global reconstruction of gridded aridity index and its spatial and temporal characterization from 2003 to 2022. International Journal of Digital Earth, 18(1). https://doi.org/10.1080/17538947.2025.2473639 | G16: (1-5) | H16: 5
A17: Precipitation (MSWEP) | B17: Beck et al. 2019 | C17: MSWEP shows the 3 hourly precipitation data from 1979 to 2017 | D17: 1979-2017 (annual mean) | E17: 6 arcminute | F17: Beck, H. E., E. F. Wood, M. Pan, C. K. Fisher, D. G. Miralles, A. I. J. M. van Dijk, T. R. McVicar, and R. F. Adler, 2019: MSWEP V2 Global 3-Hourly 0.1° Precipitation: Methodology and Quantitative Assessment. Bull. Amer. Meteor. Soc., 100, 473–500, https://doi.org/10.1175/BAMS-D-17-0138.1 | G17: (1-5) | H17: 4
A18: Growing degree days | B18: Beck et al. 2022 | C18: This measure the accumulated heat above certain base temperature which can estimate the growth and development of plants and insects | D18: 1979-2025 | E18: 6 arcminute | F18: Beck, H.E. et al. (2022) ‘MSWX: Global 3-Hourly 0.1° Bias-Corrected Meteorological Data Including Near-Real-Time Updates and Forecast Ensembles’. Available at: https://doi.org/10.1175/BAMS-D-21-0145.1. | G18: (1-5) | H18: 5
A19: Drought index (SPEI)* | B19: Solomon et al. 2023 | C19: Drought index (SPEI) was calculated from two precipitation and two evapotranspiration datasets | D19: 1981-2022 | E19: 5km gridded ~2.5 arcminute | F19: Gebrechorkos, S. H., Peng, J., Dyer, E., Miralles, D. G., Vicente-Serrano, S. M., Funk, C., Beck, H. E., Asfaw, D. T., Singer, M. B., and Dadson, S. J.: Global high-resolution drought indices for 1981–2022, Earth Syst. Sci. Data, 15, 5449–5466, https://doi.org/10.5194/essd-15-5449-2023 | G19: (1-5) | H19: 4
A20: Warm spell duration index (WSDI) | B20: Beck et al. 2022 | C20: This indicator shows the amount of conscutive days that the temperature is high (drought). | D20: 1979-2025 | E20: 6 arcminute | F20: Beck, H.E. et al. (2022) ‘MSWX: Global 3-Hourly 0.1° Bias-Corrected Meteorological Data Including Near-Real-Time Updates and Forecast Ensembles’. Available at: https://doi.org/10.1175/BAMS-D-21-0145.1. | G20: (1-5) | H20: 3
A21: Harvested crop products (HANPPharv) | B21: Matej et al. 2025 | C21: Shows the amount of mass of carbon being harvested from 22 crop classes | D21: 1992-2020 | E21: 0.5 arcminute | F21: Matej, S., Weidinger, F., Kaufmann, L. et al. A global land-use data cube 1992–2020 based on the Human Appropriation of Net Primary Production. Sci Data 12, 511 (2025). https://doi.org/10.1038/s41597-025-04788-1 | G21: (1-5) | H21: 4 | I21: seems unusual to place this in the climate subsystem?
A22: Potential Net primary production (NPP Pot) | B22: Matej et al. 2025 | C22: Potential biomass that is available in each area from agriculture and forestry. | D22: 1992-2020 | E22: 0.5 arcminute | F22: Matej, S., Weidinger, F., Kaufmann, L. et al. A global land-use data cube 1992–2020 based on the Human Appropriation of Net Primary Production. Sci Data 12, 511 (2025). https://doi.org/10.1038/s41597-025-04788-1 | G22: (1-5) | H22: 2
A23: Evapotranspiration* | B23: Zhang et al. 2024 | C23: This shows the amount of evapotranspiration in the area | D23: 1982-2020 | E23: 6 arcminutes | F23: Zhang, K., Chen, H., Ma, N. et al. A global dataset of terrestrial evapotranspiration and soil moisture dynamics from 1982 to 2020. Sci Data 11, 445 (2024). https://doi.org/10.1038/s41597-024-03271-7 | G23: (1-5) | H23: 5
A24: NEW -> Frost days | B24: Beck et al. 2022 | C24: Number of days with temperature below 0 celsius | D24: 1979-2025 | E24: 6 arcminute | F24: Beck, H.E. et al. (2022) ‘MSWX: Global 3-Hourly 0.1° Bias-Corrected Meteorological Data Including Near-Real-Time Updates and Forecast Ensembles’. Available at: https://doi.org/10.1175/BAMS-D-21-0145.1. | G24: (1-5) | H24: 3 | I24: relevance depends on location i suppose
A25: NEW -> Potential Evaporation/Evapotranspiration* (GLEAM) | B25: Miralles, D.G., Bonte, O., Koppa, A. et al. 2025 | C25: Amount of evaporation in each grid | D25: 1980-2023 | E25: 6 arcminutes | F25: https://doi.org/10.1038/s41597-025-04610-y | G25: (1-5) | H25: 3
A26: NEW -> Precipitation (wettest 3 consecutive months) (MSWEP/MSWX) | B26: Beck et al. 2022 | C26: The combination of three consecutive monthly precipitation data which has the highest precipitation total value | D26: 1979-2025 | E26: 6 arcminute | F26: Beck, H.E. et al. (2022) ‘MSWX: Global 3-Hourly 0.1° Bias-Corrected Meteorological Data Including Near-Real-Time Updates and Forecast Ensembles’. Available at: https://doi.org/10.1175/BAMS-D-21-0145.1. | G26: (1-5) | H26: 3
A27: NEW -> Frequency of droughts during growing season (MSWX) | B27: Beck et al. 2022 | C27: Calculate from monthly drought index and overlay with the growing season days of each year | D27: 1979-2025 | E27: 6 arcminute | F27: Beck, H.E. et al. (2022) ‘MSWX: Global 3-Hourly 0.1° Bias-Corrected Meteorological Data Including Near-Real-Time Updates and Forecast Ensembles’. Available at: https://doi.org/10.1175/BAMS-D-21-0145.1. | G27: (1-5) | H27: 5
A28: NEW -> Frequency of dry spells during growing season (MSWX) | B28: Beck et al. 2022 | C28: The number consecutive 5-7 days of little or no rainfall and compared this growing season for each year | D28: 1979-2025 | E28: 6 arcminute | F28: Beck, H.E. et al. (2022) ‘MSWX: Global 3-Hourly 0.1° Bias-Corrected Meteorological Data Including Near-Real-Time Updates and Forecast Ensembles’. Available at: https://doi.org/10.1175/BAMS-D-21-0145.1. | G28: (1-5) | H28: 5
A29: *Note: Might only choose one variable out of these four | G29: (1-5)
A31: Crop-field Subsystem | C31: Crop-field system is currently considered to be between the two main systems (Physical and Human). This system focuses on the variables that are related to crop species | D31: - | E31: - | G31: x
A32: Diversity of crops | B32: Sara Heikonen / Heikonen et al. 2025 | C32: Diversity of crops (30 major food crop types based on SPAM crops) | D32: 1990-2020 | E32: 5 arcminute | F32: https://mapspam.info/data/ | G32: (1-5) | H32: 4
A33: Fraction of cropland per total land area | B33: Matej et al. 2025 | C33: This variable captures the intensity of the cropland in each area by calculating the fraction of actual cropland in the cropland area | D33: 1992-2020 | E33: 0.5 arcminute | F33: https://doi.org/10.1038/s41597-025-04788-1 | G33: (1-5) | H33: 4
A34: Kilo-calories produced from crops (from SPAM) | B34: SPAM 2000, SPAM 2005, SPAM 2010, SPAM 2020 | C34: Shows the amount of kilo-calories being produced from SPAM crops classes | D34: 2000-2020 | E34: 5 arcminute | F34: https://mapspam.info/data/ | G34: (1-5) | H34: 4
A35: Greenhouse gas emissions from cropland | B35: Cao et al. 2025 (Preprint) | C35: Emission of carbon dioxide, methane, and nitrous oxide from 46 crops circa 2020 | D35: 2020 | E35: 5 arcminute | F35: https://doi.org/10.21203/rs.3.rs-6622054/v1 | G35: (1-5) | H35: 2
A36: NEW -> Blue and Green crop water requirement (WATNEEDS) | B36: Chiarelli, D.D., Passera, C., Rosa, L. et al. | C36: Amount of green water (ET) and blue water (irrigation) required for crops | D36: 2000, 2016 | E36: 5 arcminute | F36: https://doi.org/10.1038/s41597-020-00612-0 | G36: (1-5) | H36: 4
A37: NEW -> Dominant crops | B37: Jackson, Nicole D., et al. 2019 | C37: The most common crop being grown in each grid | D37: 1961-2014 | E37: 30 arcminute | F37: https://doi.org/10.1088/1748-9326/ab3b93 | G37: (1-5) | H37: 5
A38: NEW -> Ratio of Grazing land and Crop land (create) | B38: Parente et al. 2024 / Matej et al. 2025 | C38: Ratio of amont of grazing land over cropland per grid area | D38: 2000-2022 | E38: 5 arcminute | F38: https://doi.org/10.1038/s41597-024-04139-6 / https://doi.org/10.1038/s41597-025-04788-1 | G38: (1-5) | H38: 4
A39: NEW -> Trees on cropland (MODIS) | B39: DiMiceli et al. 2022 | C39: Ratio of trees or non-trees on croplands | D39: 2000-2024 | E39: 250 m cellsize ~0.25 arcminute | F39: https://doi.org/10.5067/MODIS/MOD44B.061 | G39: (1-5) | H39: 4
G40: (1-5)
A42: HUMAN SYSTEM | C42: Human system includes the effect from human towards the crop production system including practices that human has used to influence the crop production as well as the socio-economic variables that affect agriculture workers or policies | D42: - | E42: - | G42: x
A43: Socio-economic Subsytem | C43: This subsystem consisted of socio-economic variables | D43: - | E43: - | G43: x
A44: GNI | B44: Matti Kummu | C44: Gross National Income shows the values of national income for each country | D44: 1990-2021 | E44: admin 2 (country) | G44: (1-5) | H44: 3
A45: Years of schooling | B45: Matti Kummu | C45: This shows the amount of average years of schooling in the population | D45: 1990-2021 | E45: admin 1 | G45: (1-5) | H45: 3
A46: Governance index | B46: Matti Kummu | C46: Governance inis based on World Bank Group (Worldwide Governance Indicators) which shows how good is the governance | D46: 1990-2021 | E46: admin 0 | G46: (1-5) | H46: 2
A47: NEW -> Share of productions going for exports | B47: FAOSTAT | C47: Amount of productions being sent for exports in location | D47: 1961-2023 | E47: admin 2 (country) | F47: https://www.fao.org/faostat/en/#data/TCL | G47: (1-5) | H47: 3
A48: NEW -> Human population (HYDE 3.3) | B48: Goldewijk et al. 2017 | C48: Amount of total human population | D48: 10000BCE-2023 | E48: 5 arcminute | F48: https://doi.org/10.24416/UU01-AEZZIT | G48: (1-5) | H48: 3
A50: Management Subsystem | C50: This subsystem includes variables that is related to management | D50: - | E50: - | G50: x
A51: Field size | B51: Lesiv et al. 2019 | C51: Field size shows the categorial data of field size from 1-5 | D51: 2017 | E51: ~0.3 arcminute | F51: https://pure.iiasa.ac.at/id/eprint/15526/ | G51: (1-5) | H51: 3
A52: Pesticide application rate | B52: Maggi et al. 2019 | C52: Application rate of pesticide per each crop | D52: 2015-2025 | E52: 5 arcminute | F52: https://figshare.com/articles/dataset/PEST-CHEMGRIDS_v1/7764014/5 | G52: (1-5) | H52: 4
A53: N fertilizer application rate | B53: Adalibieke et al. 2023 | C53: This shows the N fertilizer application rate for each crop | D53: 1961-2020 | E53: 5 arcminute | F53: https://data.tpdc.ac.cn/en/data/1e31ad1f-5904-4b49-8796-b379c37e7dba | G53: (1-5) | H53: 4
A54: Fraction of irrigated cropland | B54: Kebede et al. 2025 | C54: Fraction of irrigated cropland with the total cropland area in each grid | D54: 2000-2015 | E54: 5 arcminute | F54: https://doi.org/10.1038/s41597-024-04313-w | G54: (1-5) | H54: 5
A55: Machinery | B55: USDA 2023 | C55: Amount of machinery used in 1000 horsepower (CV) in metric unit per 100 hectares of cropland in each country | D55: 1961-2020 | E55: admin 2 (country) | F55: October 2024 update has remove the data | G55: (1-5) | H55: 4
A56: Agricultural workers | B56: FAO 2023 | C56: Number of agricultural workers in each country | D56: 1991-2020 | E56: admin 2 (country) | F56: https://www.fao.org/faostat/en/#data/OEA | G56: (1-5) | H56: 4
A57: Human pressure (NPP Act / NPP Pot) | B57: Matej et al. 2025 | C57: This shows the human influence on the biomass in Net Primary Production (NPP) in the ecosystem through land use by dividing NPP actual with NPP potential | D57: 1992-2020 | E57: 0.5 arcminute | F57: Matej, S., Weidinger, F., Kaufmann, L. et al. A global land-use data cube 1992–2020 based on the Human Appropriation of Net Primary Production. Sci Data 12, 511 (2025). https://doi.org/10.1038/s41597-025-04788-1 | G57: (1-5) | H57: 4
A58: NEW -> NPK fertilizer application rate | B58: Coello et al. 2025 | C58: Nitrogen, Phosphorous, and Potassium fertilizer applications for crops | D58: 1961-2019 | E58: 5 arcminute | F58: https://doi.org/10.1038/s41597-024-04215-x | G58: (1-5) | H58: 5 | I58: but redundant with other datasets above?
A59: NEW -> Total renewable water resources (AQUASTAT) | B59: AQUASTAT (FAO) | C59: Amount of water resources that is renewable | D59: 1964-2022 | E59: admin 2 (country) | F59: https://data.apps.fao.org/aquastat/?lang=en | G59: (1-5) | H59: 3
A60: NEW -> Ratio of surface and groundwater sourced irrigation water | B60: AQUASTAT (FAO) | C60: Ration of amount of irrigation water from surface vs groundwater | D60: 1964-2022 | E60: admin 2 (country) | F60: https://data.apps.fao.org/aquastat/?lang=en | G60: (1-5) | H60: 4
G61: (1-5)

Sheet VS2
A1: SECOND ROUND EVALUATION
A4: VARIABLES | B4: REFERENCE | C4: DESCRIPTION | D4: TIMESCALE | E4: RESOLUTION | F4: DOI | G4: SCORING (1-5, 5 being the most important)
A6: PHYSICAL SYSTEM | C6: This system includes variables regarding the physical properties of the environment in the area that is not being influenced by human actions | D6: - | E6: - | G6: x
A7: Soil Subsystem | C7: This sub system concentrate on variables that are related to the soil | D7: - | E7: - | G7: x
A8: Soil organic carbon (SOC) | B8: Poggio et al. 2021 | C8: SOC shows the amount of soil organic carbon in each area | D8: 1960-2020 (mean) | E8: 250 m cellsize ~0.25 arcminute | F8: https://files.isric.org/soilgrids/latest/ | G8: 5
A9: Clay-silt content | B9: Poggio et al. 2021 | C9: Clay-silt shows the combined amount of clay and silt in the soil | D9: 1960-2020 (mean) | E9: 250 m cellsize ~0.25 arcminute | F9: https://files.isric.org/soilgrids/latest/ | G9: 3
A10: Soil plant available phosphorous | B10: McDowell et al. 2023 | C10: Amount of phosphorous that is available for plant to absorb from the soil | D10: 2000-2019 (mean) | E10: 0.5 arcminute | F10: https://figshare.com/articles/dataset/Global_Available_Soil_Phosphorus_Database/14241854 | G10: 4
A11: Soil Moisture | B11: Zhang et al. 2024 | C11: Amount of soil moisture throughout the layers along the vertical root distribution | D11: 1982-2020 | E11: 6 arcminutes | F11: Zhang, K., Chen, H., Ma, N. et al. A global dataset of terrestrial evapotranspiration and soil moisture dynamics from 1982 to 2020. Sci Data 11, 445 (2024). https://doi.org/10.1038/s41597-024-03271-7 | G11: 5
A12: NEW -> Soil pH (SoilGrid) | B12: Poggio et al. 2021 | C12: Amount of pH values in soil | D12: 1960-2020 (mean) | E12: 250 m cellsize ~0.25 arcminute | F12: https://files.isric.org/soilgrids/latest/ | G12: 4
A13: NEW -> Soil plant available nitrogen | B13: TBD | C13: Amount of nitrogen that is available for plant to absorb from the soil | D13: TBD | E13: TBD | F13: TBD | G13: 4
A15: Climate Subsystem | C15: This subsystem focus on the climatic variables | D15: - | E15: - | G15: x
A16: Aridity index* | B16: Lu et al. 2025 | C16: Aridity index is used to determine the aridity in the area by looking at, for example, precipitation or evapotranspiration values | D16: 2003-2022 | E16: 3 arcminute | F16: Lu, J., Yao, L., Qin, J., Jiang, H., & Zhou, C. (2025). Global reconstruction of gridded aridity index and its spatial and temporal characterization from 2003 to 2022. International Journal of Digital Earth, 18(1). https://doi.org/10.1080/17538947.2025.2473639 | G16: 4
A17: Precipitation (MSWEP) | B17: Beck et al. 2019 | C17: MSWEP shows the 3 hourly precipitation data from 1979 to 2017 | D17: 1979-2017 (annual mean) | E17: 6 arcminute | F17: Beck, H. E., E. F. Wood, M. Pan, C. K. Fisher, D. G. Miralles, A. I. J. M. van Dijk, T. R. McVicar, and R. F. Adler, 2019: MSWEP V2 Global 3-Hourly 0.1° Precipitation: Methodology and Quantitative Assessment. Bull. Amer. Meteor. Soc., 100, 473–500, https://doi.org/10.1175/BAMS-D-17-0138.1 | G17: 5
A18: Growing degree days | B18: Beck et al. 2022 | C18: This measure the accumulated heat above certain base temperature which can estimate the growth and development of plants and insects | D18: 1979-2025 | E18: 6 arcminute | F18: Beck, H.E. et al. (2022) ‘MSWX: Global 3-Hourly 0.1° Bias-Corrected Meteorological Data Including Near-Real-Time Updates and Forecast Ensembles’. Available at: https://doi.org/10.1175/BAMS-D-21-0145.1. | G18: 5
A19: Drought index (SPEI)* | B19: Solomon et al. 2023 | C19: Drought index (SPEI) was calculated from two precipitation and two evapotranspiration datasets | D19: 1981-2022 | E19: 5km gridded ~2.5 arcminute | F19: Gebrechorkos, S. H., Peng, J., Dyer, E., Miralles, D. G., Vicente-Serrano, S. M., Funk, C., Beck, H. E., Asfaw, D. T., Singer, M. B., and Dadson, S. J.: Global high-resolution drought indices for 1981–2022, Earth Syst. Sci. Data, 15, 5449–5466, https://doi.org/10.5194/essd-15-5449-2023 | G19: 3
A20: Warm spell duration index (WSDI) | B20: Beck et al. 2022 | C20: This indicator shows the amount of conscutive days that the temperature is high (drought). | D20: 1979-2025 | E20: 6 arcminute | F20: Beck, H.E. et al. (2022) ‘MSWX: Global 3-Hourly 0.1° Bias-Corrected Meteorological Data Including Near-Real-Time Updates and Forecast Ensembles’. Available at: https://doi.org/10.1175/BAMS-D-21-0145.1. | G20: 2
A21: Harvested crop products (HANPPharv) | B21: Matej et al. 2025 | C21: Shows the amount of mass of carbon being harvested from 22 crop classes | D21: 1992-2020 | E21: 0.5 arcminute | F21: Matej, S., Weidinger, F., Kaufmann, L. et al. A global land-use data cube 1992–2020 based on the Human Appropriation of Net Primary Production. Sci Data 12, 511 (2025). https://doi.org/10.1038/s41597-025-04788-1 | G21: 4
A22: Potential Net primary production (NPP Pot) | B22: Matej et al. 2025 | C22: Potential biomass that is available in each area from agriculture and forestry. | D22: 1992-2020 | E22: 0.5 arcminute | F22: Matej, S., Weidinger, F., Kaufmann, L. et al. A global land-use data cube 1992–2020 based on the Human Appropriation of Net Primary Production. Sci Data 12, 511 (2025). https://doi.org/10.1038/s41597-025-04788-1 | G22: 4
A23: Evapotranspiration* | B23: Zhang et al. 2024 | C23: This shows the amount of evapotranspiration in the area | D23: 1982-2020 | E23: 6 arcminutes | F23: Zhang, K., Chen, H., Ma, N. et al. A global dataset of terrestrial evapotranspiration and soil moisture dynamics from 1982 to 2020. Sci Data 11, 445 (2024). https://doi.org/10.1038/s41597-024-03271-7 | G23: 4
A24: NEW -> Frost days | B24: Beck et al. 2022 | C24: Number of days with temperature below 0 celsius | D24: 1979-2025 | E24: 6 arcminute | F24: Beck, H.E. et al. (2022) ‘MSWX: Global 3-Hourly 0.1° Bias-Corrected Meteorological Data Including Near-Real-Time Updates and Forecast Ensembles’. Available at: https://doi.org/10.1175/BAMS-D-21-0145.1. | G24: 2
A25: NEW -> Potential Evaporation/Evapotranspiration* (GLEAM) | B25: Miralles, D.G., Bonte, O., Koppa, A. et al. 2025 | C25: Amount of evaporation in each grid | D25: 1980-2023 | E25: 6 arcminutes | F25: https://doi.org/10.1038/s41597-025-04610-y | G25: 2
A26: NEW -> Precipitation (wettest 3 consecutive months) (MSWEP/MSWX) | B26: Beck et al. 2022 | C26: The combination of three consecutive monthly precipitation data which has the highest precipitation total value | D26: 1979-2025 | E26: 6 arcminute | F26: Beck, H.E. et al. (2022) ‘MSWX: Global 3-Hourly 0.1° Bias-Corrected Meteorological Data Including Near-Real-Time Updates and Forecast Ensembles’. Available at: https://doi.org/10.1175/BAMS-D-21-0145.1. | G26: 4
A27: NEW -> Frequency of droughts during growing season (MSWX) | B27: Beck et al. 2022 | C27: Calculate from monthly drought index and overlay with the growing season days of each year | D27: 1979-2025 | E27: 6 arcminute | F27: Beck, H.E. et al. (2022) ‘MSWX: Global 3-Hourly 0.1° Bias-Corrected Meteorological Data Including Near-Real-Time Updates and Forecast Ensembles’. Available at: https://doi.org/10.1175/BAMS-D-21-0145.1. | G27: 3
A28: NEW -> Frequency of dry spells during growing season (MSWX) | B28: Beck et al. 2022 | C28: The number consecutive 5-7 days of little or no rainfall and compared this growing season for each year | D28: 1979-2025 | E28: 6 arcminute | F28: Beck, H.E. et al. (2022) ‘MSWX: Global 3-Hourly 0.1° Bias-Corrected Meteorological Data Including Near-Real-Time Updates and Forecast Ensembles’. Available at: https://doi.org/10.1175/BAMS-D-21-0145.1. | G28: 2
A29: *Note: Might only choose one variable out of these four
A31: Crop-field Subsystem | C31: Crop-field system is currently considered to be between the two main systems (Physical and Human). This system focuses on the variables that are related to crop species | D31: - | E31: - | G31: x
A32: Diversity of crops | B32: Sara Heikonen / Heikonen et al. 2025 | C32: Diversity of crops (30 major food crop types based on SPAM crops) | D32: 1990-2020 | E32: 5 arcminute | F32: https://mapspam.info/data/ | G32: 3
A33: Fraction of cropland per total land area | B33: Matej et al. 2025 | C33: This variable captures the intensity of the cropland in each area by calculating the fraction of actual cropland in the cropland area | D33: 1992-2020 | E33: 0.5 arcminute | F33: https://doi.org/10.1038/s41597-025-04788-1 | G33: 2
A34: Kilo-calories produced from crops (from SPAM) | B34: SPAM 2000, SPAM 2005, SPAM 2010, SPAM 2020 | C34: Shows the amount of kilo-calories being produced from SPAM crops classes | D34: 2000-2020 | E34: 5 arcminute | F34: https://mapspam.info/data/ | G34: 3
A35: Greenhouse gas emissions from cropland | B35: Cao et al. 2025 (Preprint) | C35: Emission of carbon dioxide, methane, and nitrous oxide from 46 crops circa 2020 | D35: 2020 | E35: 5 arcminute | F35: https://doi.org/10.21203/rs.3.rs-6622054/v1 | G35: 2
A36: NEW -> Blue and Green crop water requirement (WATNEEDS) | B36: Chiarelli, D.D., Passera, C., Rosa, L. et al. | C36: Amount of green water (ET) and blue water (irrigation) required for crops | D36: 2000, 2016 | E36: 5 arcminute | F36: https://doi.org/10.1038/s41597-020-00612-0 | G36: 3
A37: NEW -> Dominant crops | B37: Jackson, Nicole D., et al. 2019 | C37: The most common crop being grown in each grid | D37: 1961-2014 | E37: 30 arcminute | F37: https://doi.org/10.1088/1748-9326/ab3b93 | G37: 4
A38: NEW -> Ratio of Grazing land and Crop land (create) | B38: Parente et al. 2024 / Matej et al. 2025 | C38: Ratio of amont of grazing land over cropland per grid area | D38: 2000-2022 | E38: 5 arcminute | F38: https://doi.org/10.1038/s41597-024-04139-6 / https://doi.org/10.1038/s41597-025-04788-1 | G38: 5
A39: NEW -> Trees on cropland (MODIS) | B39: DiMiceli et al. 2022 | C39: Ratio of trees or non-trees on croplands | D39: 2000-2024 | E39: 250 m cellsize ~0.25 arcminute | F39: https://doi.org/10.5067/MODIS/MOD44B.061 | G39: 2
A42: HUMAN SYSTEM | C42: Human system includes the effect from human towards the crop production system including practices that human has used to influence the crop production as well as the socio-economic variables that affect agriculture workers or policies | D42: - | E42: - | G42: x
A43: Socio-economic Subsytem | C43: This subsystem consisted of socio-economic variables | D43: - | E43: - | G43: x
A44: GNI | B44: Matti Kummu | C44: Gross National Income shows the values of national income for each country | D44: 1990-2021 | E44: admin 2 (country) | G44: 2
A45: Years of schooling | B45: Matti Kummu | C45: This shows the amount of average years of schooling in the population | D45: 1990-2021 | E45: admin 1 | G45: 2
A46: Governance index | B46: Matti Kummu | C46: Governance inis based on World Bank Group (Worldwide Governance Indicators) which shows how good is the governance | D46: 1990-2021 | E46: admin 0 | G46: 3
A47: NEW -> Share of productions going for exports | B47: FAOSTAT | C47: Amount of productions being sent for exports in location | D47: 1961-2023 | E47: admin 2 (country) | F47: https://www.fao.org/faostat/en/#data/TCL | G47: 5
A48: NEW -> Human population (HYDE 3.3) | B48: Goldewijk et al. 2017 | C48: Amount of total human population | D48: 10000BCE-2023 | E48: 5 arcminute | F48: https://doi.org/10.24416/UU01-AEZZIT | G48: 2
A50: Management Subsystem | C50: This subsystem includes variables that is related to management | D50: - | E50: - | G50: x
A51: Field size | B51: Lesiv et al. 2019 | C51: Field size shows the categorial data of field size from 1-5 | D51: 2017 | E51: ~0.3 arcminute | F51: https://pure.iiasa.ac.at/id/eprint/15526/ | G51: 4
A52: Pesticide application rate | B52: Maggi et al. 2019 | C52: Application rate of pesticide per each crop | D52: 2015-2025 | E52: 5 arcminute | F52: https://figshare.com/articles/dataset/PEST-CHEMGRIDS_v1/7764014/5 | G52: 4
A53: N fertilizer application rate | B53: Adalibieke et al. 2023 | C53: This shows the N fertilizer application rate for each crop | D53: 1961-2020 | E53: 5 arcminute | F53: https://data.tpdc.ac.cn/en/data/1e31ad1f-5904-4b49-8796-b379c37e7dba | G53: 4
A54: Fraction of irrigated cropland | B54: Kebede et al. 2025 | C54: Fraction of irrigated cropland with the total cropland area in each grid | D54: 2000-2015 | E54: 5 arcminute | F54: https://doi.org/10.1038/s41597-024-04313-w | G54: 5
A55: Machinery | B55: USDA 2023 | C55: Amount of machinery used in 1000 horsepower (CV) in metric unit per 100 hectares of cropland in each country | D55: 1961-2020 | E55: admin 2 (country) | F55: October 2024 update has remove the data | G55: 3
A56: Agricultural workers | B56: FAO 2023 | C56: Number of agricultural workers in each country | D56: 1991-2020 | E56: admin 2 (country) | F56: https://www.fao.org/faostat/en/#data/OEA | G56: 3
A57: Human pressure (NPP Act / NPP Pot) | B57: Matej et al. 2025 | C57: This shows the human influence on the biomass in Net Primary Production (NPP) in the ecosystem through land use by dividing NPP actual with NPP potential | D57: 1992-2020 | E57: 0.5 arcminute | F57: Matej, S., Weidinger, F., Kaufmann, L. et al. A global land-use data cube 1992–2020 based on the Human Appropriation of Net Primary Production. Sci Data 12, 511 (2025). https://doi.org/10.1038/s41597-025-04788-1 | G57: 2
A58: NEW -> NPK fertilizer application rate | B58: Coello et al. 2025 | C58: Nitrogen, Phosphorous, and Potassium fertilizer applications for crops | D58: 1961-2019 | E58: 5 arcminute | F58: https://doi.org/10.1038/s41597-024-04215-x | G58: 4
A59: NEW -> Total renewable water resources (AQUASTAT) | B59: AQUASTAT (FAO) | C59: Amount of water resources that is renewable | D59: 1964-2022 | E59: admin 2 (country) | F59: https://data.apps.fao.org/aquastat/?lang=en | G59: 3
A60: NEW -> Ratio of surface and groundwater sourced irrigation water | B60: AQUASTAT (FAO) | C60: Ration of amount of irrigation water from surface vs groundwater | D60: 1964-2022 | E60: admin 2 (country) | F60: https://data.apps.fao.org/aquastat/?lang=en | G60: 4

Sheet SG2
A1: SECOND ROUND EVALUATION
A4: VARIABLES | B4: REFERENCE | C4: DESCRIPTION | D4: TIMESCALE | E4: RESOLUTION | F4: DOI | G4: SCORING (1-5, 5 being the most important)
A6: PHYSICAL SYSTEM | C6: This system includes variables regarding the physical properties of the environment in the area that is not being influenced by human actions | D6: - | E6: - | G6: x
A7: Soil Subsystem | C7: This sub system concentrate on variables that are related to the soil | D7: - | E7: - | G7: x
A8: Soil organic carbon (SOC) | B8: Poggio et al. 2021 | C8: SOC shows the amount of soil organic carbon in each area | D8: 1960-2020 (mean) | E8: 250 m cellsize ~0.25 arcminute | F8: https://files.isric.org/soilgrids/latest/ | G8: (1-5) | H8: 3
A9: Clay-silt content | B9: Poggio et al. 2021 | C9: Clay-silt shows the combined amount of clay and silt in the soil | D9: 1960-2020 (mean) | E9: 250 m cellsize ~0.25 arcminute | F9: https://files.isric.org/soilgrids/latest/ | G9: (1-5) | H9: 2
A10: Soil plant available phosphorous | B10: McDowell et al. 2023 | C10: Amount of phosphorous that is available for plant to absorb from the soil | D10: 2000-2019 (mean) | E10: 0.5 arcminute | F10: https://figshare.com/articles/dataset/Global_Available_Soil_Phosphorus_Database/14241854 | G10: (1-5) | H10: 4
A11: Soil Moisture | B11: Zhang et al. 2024 | C11: Amount of soil moisture throughout the layers along the vertical root distribution | D11: 1982-2020 | E11: 6 arcminutes | F11: Zhang, K., Chen, H., Ma, N. et al. A global dataset of terrestrial evapotranspiration and soil moisture dynamics from 1982 to 2020. Sci Data 11, 445 (2024). https://doi.org/10.1038/s41597-024-03271-7 | G11: (1-5) | H11: 3
A12: NEW -> Soil pH (SoilGrid) | B12: Poggio et al. 2021 | C12: Amount of pH values in soil | D12: 1960-2020 (mean) | E12: 250 m cellsize ~0.25 arcminute | F12: https://files.isric.org/soilgrids/latest/ | G12: (1-5) | H12: 2
A13: NEW -> Soil plant available nitrogen | B13: TBD | C13: Amount of nitrogen that is available for plant to absorb from the soil | D13: TBD | E13: TBD | F13: TBD | G13: (1-5) | H13: 4
A15: Climate Subsystem | C15: This subsystem focus on the climatic variables | D15: - | E15: - | G15: x
A16: Aridity index* | B16: Lu et al. 2025 | C16: Aridity index is used to determine the aridity in the area by looking at, for example, precipitation or evapotranspiration values | D16: 2003-2022 | E16: 3 arcminute | F16: Lu, J., Yao, L., Qin, J., Jiang, H., & Zhou, C. (2025). Global reconstruction of gridded aridity index and its spatial and temporal characterization from 2003 to 2022. International Journal of Digital Earth, 18(1). https://doi.org/10.1080/17538947.2025.2473639 | G16: (1-5) | H16: 4
A17: Precipitation (MSWEP) | B17: Beck et al. 2019 | C17: MSWEP shows the 3 hourly precipitation data from 1979 to 2017 | D17: 1979-2017 (annual mean) | E17: 6 arcminute | F17: Beck, H. E., E. F. Wood, M. Pan, C. K. Fisher, D. G. Miralles, A. I. J. M. van Dijk, T. R. McVicar, and R. F. Adler, 2019: MSWEP V2 Global 3-Hourly 0.1° Precipitation: Methodology and Quantitative Assessment. Bull. Amer. Meteor. Soc., 100, 473–500, https://doi.org/10.1175/BAMS-D-17-0138.1 | G17: (1-5) | H17: 3
A18: Growing degree days | B18: Beck et al. 2022 | C18: This measure the accumulated heat above certain base temperature which can estimate the growth and development of plants and insects | D18: 1979-2025 | E18: 6 arcminute | F18: Beck, H.E. et al. (2022) ‘MSWX: Global 3-Hourly 0.1° Bias-Corrected Meteorological Data Including Near-Real-Time Updates and Forecast Ensembles’. Available at: https://doi.org/10.1175/BAMS-D-21-0145.1. | G18: (1-5) | H18: 4
A19: Drought index (SPEI)* | B19: Solomon et al. 2023 | C19: Drought index (SPEI) was calculated from two precipitation and two evapotranspiration datasets | D19: 1981-2022 | E19: 5km gridded ~2.5 arcminute | F19: Gebrechorkos, S. H., Peng, J., Dyer, E., Miralles, D. G., Vicente-Serrano, S. M., Funk, C., Beck, H. E., Asfaw, D. T., Singer, M. B., and Dadson, S. J.: Global high-resolution drought indices for 1981–2022, Earth Syst. Sci. Data, 15, 5449–5466, https://doi.org/10.5194/essd-15-5449-2023 | G19: (1-5) | H19: 1
A20: Warm spell duration index (WSDI) | B20: Beck et al. 2022 | C20: This indicator shows the amount of conscutive days that the temperature is high (drought). | D20: 1979-2025 | E20: 6 arcminute | F20: Beck, H.E. et al. (2022) ‘MSWX: Global 3-Hourly 0.1° Bias-Corrected Meteorological Data Including Near-Real-Time Updates and Forecast Ensembles’. Available at: https://doi.org/10.1175/BAMS-D-21-0145.1. | G20: (1-5) | H20: 1
A21: Harvested crop products (HANPPharv) | B21: Matej et al. 2025 | C21: Shows the amount of mass of carbon being harvested from 22 crop classes | D21: 1992-2020 | E21: 0.5 arcminute | F21: Matej, S., Weidinger, F., Kaufmann, L. et al. A global land-use data cube 1992–2020 based on the Human Appropriation of Net Primary Production. Sci Data 12, 511 (2025). https://doi.org/10.1038/s41597-025-04788-1 | G21: (1-5) | H21: 5
A22: Potential Net primary production (NPP Pot) | B22: Matej et al. 2025 | C22: Potential biomass that is available in each area from agriculture and forestry. | D22: 1992-2020 | E22: 0.5 arcminute | F22: Matej, S., Weidinger, F., Kaufmann, L. et al. A global land-use data cube 1992–2020 based on the Human Appropriation of Net Primary Production. Sci Data 12, 511 (2025). https://doi.org/10.1038/s41597-025-04788-1 | G22: (1-5) | H22: 4
A23: Evapotranspiration* | B23: Zhang et al. 2024 | C23: This shows the amount of evapotranspiration in the area | D23: 1982-2020 | E23: 6 arcminutes | F23: Zhang, K., Chen, H., Ma, N. et al. A global dataset of terrestrial evapotranspiration and soil moisture dynamics from 1982 to 2020. Sci Data 11, 445 (2024). https://doi.org/10.1038/s41597-024-03271-7 | G23: (1-5) | H23: 4
A24: NEW -> Frost days | B24: Beck et al. 2022 | C24: Number of days with temperature below 0 celsius | D24: 1979-2025 | E24: 6 arcminute | F24: Beck, H.E. et al. (2022) ‘MSWX: Global 3-Hourly 0.1° Bias-Corrected Meteorological Data Including Near-Real-Time Updates and Forecast Ensembles’. Available at: https://doi.org/10.1175/BAMS-D-21-0145.1. | G24: (1-5) | H24: 2
A25: NEW -> Potential Evaporation/Evapotranspiration* (GLEAM) | B25: Miralles, D.G., Bonte, O., Koppa, A. et al. 2025 | C25: Amount of evaporation in each grid | D25: 1980-2023 | E25: 6 arcminutes | F25: https://doi.org/10.1038/s41597-025-04610-y | G25: (1-5) | H25: 2
A26: NEW -> Precipitation (wettest 3 consecutive months) (MSWEP/MSWX) | B26: Beck et al. 2022 | C26: The combination of three consecutive monthly precipitation data which has the highest precipitation total value | D26: 1979-2025 | E26: 6 arcminute | F26: Beck, H.E. et al. (2022) ‘MSWX: Global 3-Hourly 0.1° Bias-Corrected Meteorological Data Including Near-Real-Time Updates and Forecast Ensembles’. Available at: https://doi.org/10.1175/BAMS-D-21-0145.1. | G26: (1-5) | H26: 2
A27: NEW -> Frequency of droughts during growing season (MSWX) | B27: Beck et al. 2022 | C27: Calculate from monthly drought index and overlay with the growing season days of each year | D27: 1979-2025 | E27: 6 arcminute | F27: Beck, H.E. et al. (2022) ‘MSWX: Global 3-Hourly 0.1° Bias-Corrected Meteorological Data Including Near-Real-Time Updates and Forecast Ensembles’. Available at: https://doi.org/10.1175/BAMS-D-21-0145.1. | G27: (1-5) | H27: 1
A28: NEW -> Frequency of dry spells during growing season (MSWX) | B28: Beck et al. 2022 | C28: The number consecutive 5-7 days of little or no rainfall and compared this growing season for each year | D28: 1979-2025 | E28: 6 arcminute | F28: Beck, H.E. et al. (2022) ‘MSWX: Global 3-Hourly 0.1° Bias-Corrected Meteorological Data Including Near-Real-Time Updates and Forecast Ensembles’. Available at: https://doi.org/10.1175/BAMS-D-21-0145.1. | G28: (1-5) | H28: 1
A29: *Note: Might only choose one variable out of these four | G29: (1-5)
A31: Crop-field Subsystem | C31: Crop-field system is currently considered to be between the two main systems (Physical and Human). This system focuses on the variables that are related to crop species | D31: - | E31: - | G31: x
A32: Diversity of crops | B32: Sara Heikonen / Heikonen et al. 2025 | C32: Diversity of crops (30 major food crop types based on SPAM crops) | D32: 1990-2020 | E32: 5 arcminute | F32: https://mapspam.info/data/ | G32: (1-5) | H32: 5
A33: Fraction of cropland per total land area | B33: Matej et al. 2025 | C33: This variable captures the intensity of the cropland in each area by calculating the fraction of actual cropland in the cropland area | D33: 1992-2020 | E33: 0.5 arcminute | F33: https://doi.org/10.1038/s41597-025-04788-1 | G33: (1-5) | H33: 4
A34: Kilo-calories produced from crops (from SPAM) | B34: SPAM 2000, SPAM 2005, SPAM 2010, SPAM 2020 | C34: Shows the amount of kilo-calories being produced from SPAM crops classes | D34: 2000-2020 | E34: 5 arcminute | F34: https://mapspam.info/data/ | G34: (1-5) | H34: 4
A35: Greenhouse gas emissions from cropland | B35: Cao et al. 2025 (Preprint) | C35: Emission of carbon dioxide, methane, and nitrous oxide from 46 crops circa 2020 | D35: 2020 | E35: 5 arcminute | F35: https://doi.org/10.21203/rs.3.rs-6622054/v1 | G35: (1-5) | H35: 4
A36: NEW -> Blue and Green crop water requirement (WATNEEDS) | B36: Chiarelli, D.D., Passera, C., Rosa, L. et al. | C36: Amount of green water (ET) and blue water (irrigation) required for crops | D36: 2000, 2016 | E36: 5 arcminute | F36: https://doi.org/10.1038/s41597-020-00612-0 | G36: (1-5) | H36: 4
A37: NEW -> Dominant crops | B37: Jackson, Nicole D., et al. 2019 | C37: The most common crop being grown in each grid | D37: 1961-2014 | E37: 30 arcminute | F37: https://doi.org/10.1088/1748-9326/ab3b93 | G37: (1-5) | H37: 4
A38: NEW -> Ratio of Grazing land and Crop land (create) | B38: Parente et al. 2024 / Matej et al. 2025 | C38: Ratio of amont of grazing land over cropland per grid area | D38: 2000-2022 | E38: 5 arcminute | F38: https://doi.org/10.1038/s41597-024-04139-6 / https://doi.org/10.1038/s41597-025-04788-1 | G38: (1-5) | H38: 3
A39: NEW -> Trees on cropland (MODIS) | B39: DiMiceli et al. 2022 | C39: Ratio of trees or non-trees on croplands | D39: 2000-2024 | E39: 250 m cellsize ~0.25 arcminute | F39: https://doi.org/10.5067/MODIS/MOD44B.061 | G39: (1-5) | H39: 4
G40: (1-5)
A42: HUMAN SYSTEM | C42: Human system includes the effect from human towards the crop production system including practices that human has used to influence the crop production as well as the socio-economic variables that affect agriculture workers or policies | D42: - | E42: - | G42: x
A43: Socio-economic Subsytem | C43: This subsystem consisted of socio-economic variables | D43: - | E43: - | G43: x
A44: GNI | B44: Matti Kummu | C44: Gross National Income shows the values of national income for each country | D44: 1990-2021 | E44: admin 2 (country) | G44: (1-5) | H44: 3
A45: Years of schooling | B45: Matti Kummu | C45: This shows the amount of average years of schooling in the population | D45: 1990-2021 | E45: admin 1 | G45: (1-5) | H45: 2
A46: Governance index | B46: Matti Kummu | C46: Governance inis based on World Bank Group (Worldwide Governance Indicators) which shows how good is the governance | D46: 1990-2021 | E46: admin 0 | G46: (1-5) | H46: 1
A47: NEW -> Share of productions going for exports | B47: FAOSTAT | C47: Amount of productions being sent for exports in location | D47: 1961-2023 | E47: admin 2 (country) | F47: https://www.fao.org/faostat/en/#data/TCL | G47: (1-5) | H47: 4
A48: NEW -> Human population (HYDE 3.3) | B48: Goldewijk et al. 2017 | C48: Amount of total human population | D48: 10000BCE-2023 | E48: 5 arcminute | F48: https://doi.org/10.24416/UU01-AEZZIT | G48: (1-5) | H48: 4
A50: Management Subsystem | C50: This subsystem includes variables that is related to management | D50: - | E50: - | G50: x
